TV,Radio,Social Media,Influencer
96.0,33.73717368,8.701501372,Micro
22.0,2.685571253,2.783753323,Macro
34.0,19.68456771,5.02955855,Macro
33.0,13.19329779,0.782495368,Micro
78.0,21.96746823,2.471420712,Micro
15.0,3.773286785,0.135074302,Nano
30.0,14.83026662,1.166411428,Macro
91.0,33.66042024,7.639596242,Mega
99.0,37.46822321,7.194404457,Macro
23.0,4.510090793,0.033647813,Mega
14.0,14.95556574,0.924449961,Nano
18.0,1.864835189,1.06921254,Macro
67.0,33.47845174,6.272878542,Macro
13.0,1.178416233,6.490106168,Mega
87.0,36.18933987,4.810689752,Micro
98.0,27.33731038,2.839123372,Mega
59.0,19.63437742,3.460642502,Mega
43.0,26.15918496,5.231818374,Mega
77.0,34.01181552,4.378510541,Nano
39.0,17.29712291,2.14164632,Nano
80.0,28.50516115,5.403039713,Mega
66.0,17.00947877,6.048201516,Macro
25.0,1.247191596,1.757639591,Mega
10.0,6.145248262,1.591116473,Macro
65.0,16.00937858,1.309538333,Micro
46.0,15.49217812,1.251590075,Macro
26.0,19.83762759,0.857272544,Mega
21.0,10.86014433,1.318393616,Mega
49.0,18.91431788,0.747304256,Macro
69.0,22.38809556,4.68004768,Macro
32.0,10.36859883,2.023882836,Mega
71.0,27.63860309,6.434458431,Macro
85.0,31.35910881,3.82809637,Mega
16.0,1.095054697,1.784711655,Mega
79.0,24.06313015,2.173279578,Nano
92.0,32.31705024,4.646319634,Nano
60.0,23.52912897,2.915714279,Nano
91.0,36.1004354,4.332061718,Micro
83.0,32.19193052,4.530124006,Macro
98.0,26.8474977,0.555850618,Macro
36.0,9.430653096,1.800419039,Mega
21.0,7.138058437,2.684297188,Nano
20.0,1.969917453,0.236860685,Nano
30.0,6.122317863,2.606806497,Mega
35.0,15.07233814,0.928096772,Macro
54.0,13.68614516,0.864997463,Nano
74.0,16.77799061,2.297885997,Macro
42.0,6.69975335,2.161864768,Mega
99.0,31.39714703,4.282725886,Macro
27.0,7.772636971,0.026536086,Micro
21.0,7.578230065,1.031606867,Nano
13.0,1.785753879,1.150818911,Macro
45.0,10.84335506,1.303214039,Micro
81.0,22.41030226,2.189639013,Nano
70.0,19.74894387,5.599312885,Nano
98.0,33.92428664,7.869647949,Nano
59.0,24.11862064,4.750725408,Micro
71.0,23.35785141,4.385036868,Macro
47.0,4.139878602,1.573396939,Macro
97.0,25.47353261,1.533320645,Nano
39.0,14.01695152,3.105424638,Nano
82.0,32.44415878,5.42544944,Nano
16.0,16.92417111,6.447476349,Nano
81.0,32.15203051,8.363874342,Macro
96.0,38.34982728,5.625677284,Nano
13.0,0.095046942,0.111191033,Nano
48.0,21.5039439,4.735400459,Mega
30.0,8.421994731,3.279480595,Macro
60.0,17.74524356,5.489125047,Mega
86.0,22.51839983,0.449688118,Macro
16.0,7.327697332,3.236219566,Macro
44.0,15.99054487,2.975989378,Mega
35.0,7.881705224,1.73269323,Micro
60.0,11.36731934,0.820350637,Micro
36.0,13.80111588,1.731192518,Nano
90.0,30.45987894,6.350355454,Mega
79.0,23.62769699,4.313288112,Micro
66.0,22.33069931,4.741691262,Macro
43.0,17.61064561,1.7945904,Nano
20.0,8.529031827,4.146156202,Macro
72.0,24.18358539,4.736877628,Mega
12.0,12.10063922,2.98563609,Macro
42.0,25.04344301,7.954162784,Macro
68.0,21.28876131,3.213254208,Nano
62.0,22.21647118,3.545499499,Macro
69.0,21.07949092,3.125858631,Micro
94.0,29.84551294,2.783840955,Mega
13.0,7.430197108,1.294086175,Micro
75.0,19.53226006,3.961231768,Micro
60.0,15.6542643,1.535037337,Micro
38.0,8.937947856,0.801876265,Micro
47.0,16.93952644,2.858758675,Nano
16.0,2.081858668,2.995109293,Micro
60.0,19.62187156,2.391937312,Nano
89.0,40.0286937,8.219310183,Micro
52.0,23.79065914,0.464672096,Micro
54.0,13.81708859,2.491412135,Mega
12.0,2.914654396,2.95186781,Macro
46.0,15.57567824,3.61510014,Nano
12.0,14.72147021,0.316274429,Macro
79.0,18.80024331,3.090105563,Macro
69.0,28.0169731,6.183202335,Micro
11.0,5.584323781,0.170465605,Mega
15.0,3.013590798,4.312852977,Micro
77.0,25.66988236,2.14056622,Micro
35.0,3.231076691,0.850271175,Nano
66.0,23.34851007,1.951877827,Nano
93.0,19.95638677,2.261406312,Mega
64.0,20.24042393,3.921147972,Micro
93.0,24.64119515,4.856110743,Mega
94.0,33.99373618,5.491583816,Nano
99.0,25.0654369,5.419793658,Micro
70.0,25.92397364,4.101003394,Macro
94.0,30.49815694,8.823311925,Macro
79.0,26.65916629,5.058853639,Mega
48.0,20.80062547,5.617721908,Mega
10.0,5.139773121,4.751055878,Nano
32.0,8.307830874,3.835013023,Micro
40.0,12.7084063,5.838251913,Nano
93.0,32.49798817,8.698498353,Macro
51.0,14.11560036,0.905750074,Micro
18.0,8.202802332,0.104486847,Mega
73.0,20.36512667,4.010355503,Nano
96.0,32.98619486,5.525464692,Mega
83.0,24.14078851,5.204844004,Micro
87.0,19.91736078,3.127906282,Macro
71.0,26.98713859,0.842799647,Mega
45.0,12.22453623,6.078835059,Nano
42.0,9.381876981,3.464095033,Mega
45.0,17.45057273,3.797949477,Micro
29.0,12.6626864,1.67420182,Micro
78.0,23.93088014,3.943732847,Mega
49.0,18.60629352,5.167471593,Nano
24.0,5.095979276,2.833283442,Nano
30.0,13.94263904,2.597301175,Macro
58.0,14.52240349,2.871804552,Mega
61.0,23.9098499,5.37298311,Macro
90.0,40.24815246,2.29177786,Macro
92.0,33.15174003,6.429606019,Macro
78.0,26.04688499,2.488182726,Mega
32.0,13.45746031,0.91765612,Mega
80.0,25.70476151,2.284896577,Mega
13.0,1.68598522,1.511993819,Nano
65.0,28.94536709,3.995953974,Mega
52.0,14.71875781,5.067918073,Micro
63.0,18.66286971,2.145018859,Nano
60.0,16.60417853,5.253646762,Nano
74.0,21.97087596,8.203744409,Macro
63.0,26.40015451,1.373655412,Nano
58.0,13.86884055,0.415369459,Mega
94.0,29.8950106,6.500131863,Macro
13.0,9.975807172,4.087393544,Micro
65.0,29.06907952,3.380965049,Mega
97.0,38.91395638,9.088162781,Nano
10.0,3.455868379,2.400118071,Micro
69.0,27.08276724,3.996892883,Mega
29.0,22.05660505,4.372790192,Nano
15.0,5.13906928,1.55848132,Micro
92.0,29.34050811,4.968613722,Mega
78.0,30.95151095,6.412862561,Nano
42.0,15.64684698,1.920959216,Nano
33.0,11.35073417,0.964355355,Micro
96.0,33.98063924,6.003671155,Macro
47.0,14.73574073,0.827430976,Nano
58.0,16.77650201,0.471002112,Nano
12.0,3.567660711,3.558311365,Nano
13.0,2.879753335,0.221099517,Micro
21.0,17.91700078,4.655722638,Micro
35.0,16.74802358,1.727566449,Micro
37.0,7.258206804,4.58201222,Nano
74.0,19.29015403,4.359484985,Nano
83.0,31.88569222,3.03815294,Micro
29.0,11.39467134,2.510669081,Nano
64.0,19.21061664,3.087815141,Macro
37.0,7.139056221,2.660930829,Nano
24.0,5.117508649,2.209701443,Mega
36.0,4.215084265,2.654877943,Micro
40.0,13.50408741,1.5672662,Mega
49.0,14.01663901,0.804732595,Mega
26.0,12.78850362,3.01349173,Micro
11.0,3.785254654,1.569644569,Micro
98.0,29.72194699,5.393795763,Macro
60.0,14.31611675,3.134427989,Macro
46.0,25.28199938,2.798757505,Mega
25.0,15.02863648,1.608618992,Nano
19.0,2.477590756,5.557077517,Nano
48.0,13.68967669,3.947498786,Mega
46.0,13.9792447,0.891245828,Macro
59.0,17.56421199,2.188043777,Micro
60.0,19.44251219,3.36149892,Nano
32.0,0.627618771,2.676075167,Micro
82.0,22.66547098,2.926556978,Mega
54.0,14.05805349,1.497131726,Macro
96.0,27.05157984,2.847943087,Nano
75.0,20.71222956,3.740164535,Mega
24.0,14.68411591,0.975862762,Micro
87.0,36.60536537,9.215618373,Nano
52.0,17.23864858,7.172554439,Nano
85.0,30.35464777,7.753122794,Micro
89.0,38.20357545,6.574378925,Mega
27.0,8.301393097,0.297735659,Mega
99.0,30.66885609,4.401725907,Nano
41.0,6.032826963,6.145541885,Macro
83.0,32.56646841,5.179906086,Nano
28.0,8.175976358,0.989815074,Macro
11.0,1.60638787,1.58496215,Micro
79.0,20.13887118,1.706797882,Micro
52.0,22.90816582,3.257424196,Mega
58.0,20.90685872,4.012199218,Mega
83.0,29.04890683,1.976047337,Nano
19.0,7.064362055,0.782885709,Macro
33.0,3.92726748,2.376656144,Mega
78.0,29.99020666,4.661344669,Mega
63.0,24.27373202,2.836324904,Micro
62.0,25.07908112,5.066101233,Nano
16.0,4.597245997,1.669253333,Micro
17.0,10.44745162,3.356106421,Nano
83.0,30.59480726,4.644486108,Mega
39.0,14.85751537,4.283919463,Mega
11.0,8.572132356,3.802582991,Macro
89.0,25.80629941,0.788523459,Macro
43.0,6.89825317,0.646096057,Nano
21.0,0.220835039,2.792110085,Micro
20.0,8.17845257,0.768759682,Micro
12.0,13.93826554,0.411806407,Nano
31.0,6.705393208,1.99719926,Micro
36.0,5.402287105,6.949626356,Macro
46.0,17.61333015,3.480429694,Macro
13.0,1.067301036,0.825314156,Macro
34.0,8.203175712,6.045596308,Micro
77.0,28.94958279,1.239417276,Micro
70.0,23.31774328,5.445912683,Micro
66.0,29.88664663,5.667107554,Mega
89.0,36.89091987,10.29764311,Nano
42.0,8.342327563,4.017463021,Nano
69.0,21.04661271,5.599101966,Nano
63.0,27.00388098,4.800652099,Nano
76.0,20.75626701,1.645051456,Macro
99.0,35.23872291,2.678608349,Mega
72.0,18.15760992,3.376908824,Macro
11.0,1.877361105,1.31866338,Micro
14.0,4.972625274,4.905049083,Macro
17.0,5.002416953,3.00718727,Micro
22.0,5.538209038,3.675905542,Micro
73.0,26.57564178,2.874401986,Nano
87.0,22.69202611,2.513637746,Macro
47.0,17.74772264,5.058791336,Macro
20.0,5.063964906,0.037356944,Micro
17.0,6.837294843,2.314950178,Macro
17.0,13.33245508,3.854678784,Mega
25.0,11.09535068,0.337279593,Micro
34.0,9.510894674,0.979738318,Macro
30.0,11.91600349,2.576946627,Nano
95.0,22.10773802,0.785405303,Micro
34.0,4.450949726,4.79777927,Micro
55.0,16.86494698,4.255422961,Micro
77.0,24.18854494,5.133802599,Micro
56.0,9.690666538,2.55275792,Nano
67.0,20.0109313,6.373311471,Micro
21.0,6.824104508,3.386305653,Mega
92.0,35.20135777,3.687555874,Micro
78.0,26.46683247,3.613317648,Macro
62.0,24.31903081,0.722076955,Nano
50.0,19.1665659,4.879307621,Mega
85.0,19.84397609,1.989410201,Nano
96.0,23.98104459,1.166863302,Mega
72.0,21.82794456,2.858835995,Mega
82.0,31.21632112,5.677709042,Mega
63.0,20.16504866,3.549288353,Micro
75.0,29.03335197,1.937485672,Mega
12.0,3.188668313,0.276135877,Nano
18.0,1.056114844,0.748769308,Micro
50.0,11.36398701,2.32129586,Mega
61.0,25.22937094,3.211597629,Mega
92.0,27.07432784,7.76501425,Micro
14.0,18.64944183,4.529927084,Mega
40.0,6.840434393,2.21127782,Micro
53.0,14.10567486,1.324027483,Micro
34.0,15.85130193,2.468160476,Macro
29.0,8.712061917,2.585117315,Macro
37.0,15.55091019,0.381845418,Nano
83.0,26.74193614,3.619405288,Macro
54.0,18.61129829,5.139317624,Macro
18.0,10.38645507,4.847890485,Mega
98.0,37.29968791,5.509882621,Mega
93.0,28.03820883,2.924281836,Nano
32.0,4.716507688,1.760942074,Mega
59.0,17.85584792,4.287900392,Macro
29.0,10.37725789,0.061983883,Mega
40.0,8.398906234,1.465690951,Mega
60.0,16.68841769,2.946457918,Macro
38.0,6.215195866,5.315751143,Mega
85.0,31.6447624,4.33936309,Macro
52.0,23.99344773,0.519212296,Macro
99.0,27.61422525,3.848628228,Micro
11.0,3.781891222,1.888196109,Nano
75.0,20.35778359,6.382532621,Mega
97.0,31.59758582,6.09616703,Macro
58.0,19.21888874,0.582177191,Micro
37.0,12.22871601,1.749290106,Mega
58.0,13.0236864,2.801238068,Mega
43.0,15.18856944,0.760136913,Macro
35.0,14.77655678,3.728001083,Nano
93.0,32.52159528,6.428194995,Micro
66.0,12.05703979,3.722753612,Macro
32.0,15.224893,1.161446776,Macro
67.0,13.8307792,2.90002924,Mega
11.0,4.952002391,7.309016168,Macro
13.0,2.933653909,0.336684657,Micro
93.0,23.77163648,3.688207002,Nano
28.0,10.34705868,1.330435169,Micro
43.0,13.11223201,1.482339505,Mega
21.0,19.97442857,1.474610408,Macro
67.0,18.14052759,1.952495587,Mega
53.0,12.02782682,0.297664101,Macro
19.0,7.529380566,0.663731937,Nano
53.0,17.7104836,0.670137979,Nano
24.0,3.426021221,0.00317676,Micro
100.0,45.08292131,4.511628276,Mega
17.0,0.103555123,0.469527665,Nano
91.0,25.04555745,6.109369688,Macro
77.0,22.9553127,2.642504816,Mega
10.0,3.779924037,1.188229762,Macro
15.0,7.888210849,3.998362072,Macro
58.0,15.69086872,3.143849286,Micro
30.0,9.820597494,3.39200924,Mega
49.0,15.76031391,2.761035651,Macro
28.0,17.01736977,3.049292563,Micro
59.0,23.46416167,3.671607869,Macro
75.0,22.71907633,3.566563314,Micro
14.0,4.451725157,0.925170583,Micro
91.0,31.00206421,3.149276093,Macro
27.0,6.447508155,1.415638249,Mega
72.0,25.6542875,6.396459843,Mega
85.0,27.43790643,4.189125909,Mega
56.0,19.91416231,6.070675656,Mega
43.0,15.09638769,5.999431004,Mega
21.0,1.380311071,5.286680958,Mega
22.0,7.789761193,0.288511704,Mega
76.0,32.6687401,6.549804387,Micro
40.0,15.5960957,3.286725772,Nano
37.0,6.128436597,1.455540155,Mega
86.0,25.25707261,0.696331556,Macro
63.0,15.79820177,4.337964302,Macro
67.0,27.53356057,10.45392075,Macro
69.0,20.7102426,5.120845126,Mega
10.0,5.426771527,2.378168163,Micro
23.0,14.80553314,1.818714968,Micro
27.0,5.595845332,1.583301743,Macro
18.0,8.25489387,3.241749256,Macro
61.0,23.13228707,6.415854366,Micro
35.0,8.978475946,0.05362699,Nano
34.0,1.383724862,1.830701441,Micro
11.0,6.886104824,3.476852778,Macro
85.0,24.74836655,2.607544268,Micro
80.0,24.74200406,1.469919578,Mega
92.0,30.38715716,5.554089658,Mega
15.0,0.987432188,1.921882034,Nano
98.0,27.93306892,6.098290028,Micro
42.0,9.457616913,1.857779697,Macro
11.0,6.838044063,2.464856311,Mega
45.0,14.18460355,5.545421141,Macro
57.0,24.07376287,3.314484216,Mega
54.0,22.28131461,1.493831312,Nano
88.0,33.99232228,5.781691282,Mega
100.0,23.35453897,4.472029211,Micro
55.0,24.89381148,4.273602146,Micro
40.0,14.68525338,1.862294023,Micro
37.0,5.264623343,2.531732224,Nano
91.0,29.30289498,2.054143187,Mega
62.0,24.37251496,4.798782837,Nano
43.0,22.95583839,3.316618583,Micro
37.0,11.26805079,2.303197825,Micro
60.0,21.44859053,1.782911981,Micro
13.0,6.34576237,3.579855416,Micro
97.0,32.49473058,6.186571761,Macro
50.0,24.05831736,4.741096535,Nano
60.0,19.17142898,4.820069297,Macro
46.0,7.179374076,3.421230648,Macro
95.0,28.92082619,3.084052767,Micro
44.0,16.25344066,2.968598136,Mega
53.0,19.04450325,2.715095722,Macro
90.0,28.38052047,4.338469575,Nano
10.0,5.825167051,0.105714735,Macro
96.0,31.12311841,2.603734722,Macro
85.0,36.24543619,8.863215031,Macro
42.0,7.59338776,0.350837784,Nano
23.0,1.119933449,2.024287502,Micro
17.0,7.197847026,1.394325609,Nano
46.0,18.28916702,3.367685945,Nano
70.0,21.05815129,5.146705872,Macro
92.0,33.29585958,1.229454172,Macro
59.0,15.41542077,1.707459574,Mega
49.0,17.82159027,2.732126315,Mega
83.0,28.18172312,6.851154679,Nano
21.0,4.981465892,3.017010069,Nano
92.0,33.30626217,5.365256008,Macro
97.0,35.7618836,7.309638816,Macro
72.0,29.40183996,0.883780673,Micro
28.0,11.26841221,1.373882899,Mega
54.0,24.82051231,3.394682094,Micro
13.0,5.358821718,3.103557138,Nano
96.0,36.72307745,3.950392592,Nano
100.0,29.61090382,4.297266947,Mega
13.0,13.86154644,1.778025776,Mega
99.0,30.96792254,5.586192961,Nano
18.0,10.75229268,1.832885616,Nano
73.0,30.28290663,4.22436639,Nano
87.0,29.35332175,6.940423544,Macro
25.0,0.965159981,2.585389556,Nano
94.0,28.42763576,4.239315357,Micro
25.0,5.063017618,4.328050272,Macro
49.0,13.38629377,0.812175296,Mega
25.0,14.16591288,0.496059904,Nano
54.0,9.42171819,0.760326336,Macro
68.0,19.77617983,3.217632434,Micro
47.0,13.73828647,3.330651447,Nano
16.0,17.69455302,0.342647794,Macro
30.0,10.30888202,1.221518819,Macro
93.0,25.48811975,2.778442938,Nano
80.0,29.3511274,5.061329165,Nano
21.0,11.1103027,1.609824309,Nano
11.0,8.231820093,1.674710688,Micro
20.0,3.594371591,0.189194993,Micro
24.0,11.79796872,5.560012566,Macro
84.0,33.49221879,9.638966346,Nano
33.0,11.29236649,0.945960767,Nano
55.0,20.84266334,3.351639207,Mega
43.0,23.11923457,2.99421459,Mega
53.0,13.63457957,3.33947268,Mega
90.0,29.74804469,0.191958978,Mega
50.0,13.42866192,2.739675375,Mega
83.0,27.4575452,5.358948693,Micro
63.0,13.47689876,3.355966243,Macro
16.0,8.816320663,1.782789571,Nano
94.0,31.26698648,5.332790413,Mega
26.0,10.40053409,2.607022067,Nano
14.0,3.443825411,0.082932606,Mega
76.0,32.02831924,6.749787308,Macro
30.0,21.09502383,7.972159086,Mega
97.0,34.46795513,4.088163909,Nano
63.0,26.03598627,3.290816886,Nano
75.0,22.65024416,1.537757637,Mega
39.0,11.37745937,1.56084676,Micro
79.0,27.50669513,7.241425458,Macro
20.0,12.61877735,1.600792875,Micro
52.0,19.74043808,3.888113029,Micro
64.0,22.33541786,0.434649663,Mega
75.0,25.70465202,5.893578362,Nano
36.0,14.29764842,4.724222889,Mega
82.0,25.14587476,2.923125392,Macro
15.0,6.092326337,2.210370127,Mega
35.0,18.09583854,2.099576563,Mega
39.0,21.55430149,3.285517042,Micro
28.0,5.930538265,0.861035978,Macro
52.0,14.79010177,3.012857573,Macro
16.0,12.54786817,2.389338867,Mega
73.0,22.36101534,2.23634963,Nano
46.0,24.51757273,1.461142201,Macro
51.0,24.91648619,4.628289393,Mega
66.0,18.14144822,6.39581212,Macro
20.0,10.33151042,1.335153841,Micro
47.0,16.5207045,0.595258971,Micro
15.0,7.650640038,3.483067269,Micro
56.0,22.82931149,6.750361981,Micro
55.0,22.93162206,2.01995944,Nano
24.0,3.745263481,1.877094065,Mega
15.0,5.993082777,0.052900571,Macro
32.0,17.77874558,6.010796578,Macro
22.0,3.482537558,1.146371254,Macro
72.0,23.83835402,2.826565354,Nano
39.0,16.49526491,0.747077391,Nano
62.0,13.4829249,2.810263336,Macro
30.0,10.5639763,2.855990067,Micro
89.0,19.64677846,2.399579787,Micro
98.0,37.59513773,5.830734367,Micro
82.0,27.29885728,2.750432923,Mega
83.0,28.82671381,5.519575003,Macro
16.0,2.075971434,1.435038997,Micro
38.0,11.25013604,3.18319928,Micro
69.0,21.00808675,2.478178486,Micro
30.0,4.448543912,1.895344267,Macro
84.0,32.98197831,8.476182415,Mega
13.0,1.939453608,0.658229751,Nano
66.0,26.21942701,2.934109357,Micro
96.0,34.00593633,4.602944767,Nano
63.0,21.40157977,2.332838624,Nano
16.0,1.575240439,2.036787105,Micro
26.0,12.27610125,0.022498266,Mega
98.0,17.53880402,2.351623952,Nano
51.0,17.8984319,0.925631096,Micro
49.0,10.05574197,3.472817536,Micro
51.0,14.29224744,0.469666552,Micro
80.0,23.19605289,8.143661019,Nano
54.0,15.39714942,2.588692921,Nano
48.0,7.395379413,2.925949505,Nano
99.0,44.86129883,8.579322566,Macro
12.0,2.290614127,0.323279826,Mega
66.0,23.52461444,7.94705706,Macro
34.0,7.666725668,0.319328304,Nano
62.0,16.99203482,3.781429364,Mega
23.0,11.3262451,1.308263234,Mega
44.0,8.447034198,1.086840262,Mega
78.0,34.10820913,5.137124807,Nano
33.0,7.047832451,1.939791634,Macro
38.0,13.97381157,2.937255499,Nano
65.0,22.51872325,2.126138663,Micro
39.0,13.60979845,4.812459429,Mega
80.0,24.29031744,7.600781837,Nano
62.0,30.09534582,8.267241169,Nano
18.0,8.808702773,2.414186295,Nano
19.0,7.069720275,3.109655988,Mega
29.0,15.36355775,6.625992213,Micro
32.0,12.08256585,0.365613326,Macro
49.0,15.96031563,5.254906229,Micro
79.0,27.88320654,7.467941688,Nano
50.0,14.7442409,2.676620177,Mega
60.0,17.22084922,5.41143896,Mega
40.0,12.18911788,2.852072048,Mega
38.0,22.37705463,5.517499206,Nano
61.0,24.66064552,3.371495534,Mega
22.0,11.86861071,0.222563672,Macro
27.0,7.280088955,2.179478014,Micro
74.0,24.55606412,3.088863718,Mega
95.0,27.71756398,7.05784165,Mega
78.0,24.73579762,4.85653667,Nano
99.0,37.73241144,7.72405273,Macro
37.0,6.460701926,1.332038473,Nano
24.0,12.79448447,3.973162998,Nano
23.0,4.037914202,2.876505548,Micro
47.0,8.019407584,0.780992605,Micro
100.0,30.35892668,5.196090554,Macro
83.0,24.57464264,6.190653254,Macro
88.0,31.02302738,7.352545034,Macro
15.0,4.649777313,2.389716886,Macro
97.0,28.90739759,3.861604872,Micro
12.0,7.759455368,3.181063753,Mega
22.0,8.539958592,1.726208762,Micro
60.0,29.23658685,8.323847071,Nano
43.0,7.640104606,2.263525827,Mega
39.0,9.448712198,0.656320737,Nano
80.0,33.31778758,5.06205685,Micro
13.0,8.222252441,0.500016101,Mega
70.0,17.63694287,4.824467434,Macro
15.0,13.12882152,2.864042827,Macro
32.0,3.523750421,0.028430966,Macro
70.0,18.39714752,1.654340278,Macro
81.0,29.27447207,6.035831622,Macro
69.0,13.21271627,2.51343887,Mega
55.0,20.873105,2.839873992,Mega
24.0,7.225160543,0.00131539,Macro
99.0,30.57840248,3.043517305,Nano
47.0,15.72822743,2.771904176,Macro
52.0,18.22775097,1.46423568,Macro
70.0,21.17876903,1.700145413,Macro
61.0,20.00446791,6.081970669,Mega
47.0,11.1915046,1.468351074,Micro
35.0,10.35124977,0.936024016,Nano
88.0,23.2144694,1.176796593,Macro
64.0,24.69852188,6.741382758,Micro
34.0,18.84526775,6.501071139,Micro
59.0,21.27291211,3.385121455,Nano
13.0,1.523935466,3.518965997,Nano
25.0,10.33219793,1.864729703,Macro
23.0,12.15512676,2.918798045,Macro
79.0,27.41497388,2.039587033,Mega
29.0,2.172596338,4.208324504,Mega
16.0,8.801618847,1.652085483,Mega
14.0,0.021882615,0.301150118,Micro
34.0,13.8062023,1.953826728,Micro
97.0,30.53983841,8.846154241,Mega
73.0,25.14783209,3.786915705,Nano
66.0,25.37570136,5.073874121,Micro
32.0,19.08301386,6.39743477,Macro
61.0,11.51253111,2.793347914,Macro
62.0,18.54551399,0.811841133,Nano
85.0,27.90078747,2.420804146,Macro
53.0,18.85081371,4.566440958,Micro
92.0,26.86626542,5.435402212,Micro
42.0,9.352963721,0.606126647,Mega
51.0,12.96221782,1.307508427,Micro
38.0,21.82640897,2.802768211,Nano
19.0,3.538770143,2.106952026,Micro
18.0,6.175359183,1.206347827,Macro
53.0,16.56332672,3.969570171,Micro
69.0,28.45307095,7.099474906,Nano
42.0,8.898194437,2.816417418,Macro
66.0,18.74451161,3.009174444,Micro
51.0,16.94974752,1.348300822,Mega
51.0,12.89827532,1.831454795,Nano
40.0,13.94665782,2.117291138,Macro
78.0,23.32245121,3.866739527,Mega
65.0,23.88150599,2.832255371,Nano
64.0,21.06923812,4.019544084,Macro
95.0,30.46523325,8.791080421,Mega
72.0,37.86899749,3.738798543,Nano
23.0,7.568249276,1.344170818,Micro
98.0,32.90246875,4.878579353,Nano
70.0,18.78284141,3.505200696,Micro
46.0,13.18020546,3.23549134,Micro
18.0,7.759492503,1.463724215,Micro
43.0,8.871398971,3.545252188,Macro
23.0,10.72553038,0.564039183,Nano
40.0,21.78629319,7.451511141,Micro
44.0,19.80007236,5.096191875,Micro
25.0,5.438159446,0.017011212,Nano
42.0,20.92321366,3.35024021,Mega
61.0,26.66674418,3.698028588,Micro
94.0,27.47401916,5.880689586,Macro
62.0,21.56658905,1.046840025,Nano
20.0,11.47823414,0.69576991,Nano
38.0,7.736680237,2.05960976,Mega
21.0,15.22178197,2.481028664,Macro
30.0,6.433771661,0.718034664,Macro
77.0,23.07796216,2.215638886,Macro
94.0,30.40243066,5.207841441,Micro
60.0,21.43888957,3.147751404,Nano
85.0,32.63667971,6.619127623,Macro
32.0,8.072375614,3.938810437,Nano
57.0,23.74241823,2.585252416,Micro
19.0,4.894410734,0.147196027,Macro
88.0,31.06040008,5.598760009,Micro
49.0,10.55474179,0.342502633,Macro
33.0,8.231079212,1.830718076,Micro
89.0,36.06087241,2.325705692,Nano
43.0,13.78107412,1.250244985,Mega
88.0,25.32678512,5.133571929,Macro
19.0,11.43205585,3.113767187,Mega
26.0,6.632048133,1.415371282,Macro
59.0,13.85180397,2.552071784,Micro
11.0,2.588070098,0.331165434,Mega
95.0,43.12933167,10.17498349,Micro
51.0,12.78804679,3.632374533,Macro
43.0,13.70486746,2.218968013,Nano
46.0,19.51073972,3.107126419,Mega
86.0,27.93960266,6.37750394,Macro
45.0,18.63377368,1.63969465,Nano
64.0,22.85140519,0.667171404,Micro
58.0,17.11009877,1.23426039,Nano
47.0,7.617127951,2.274600961,Micro
16.0,6.566230788,2.907982773,Mega
90.0,28.58855473,4.505421748,Nano
67.0,30.71360454,3.644550892,Micro
35.0,7.198778595,1.50952132,Nano
55.0,28.16663617,3.41311368,Micro
52.0,25.43144364,4.58797385,Micro
88.0,35.4551909,4.091396616,Macro
74.0,21.09890403,3.621742881,Micro
83.0,33.00440576,4.937946143,Micro
22.0,12.65418479,1.185976057,Macro
58.0,23.04770854,1.465806506,Micro
33.0,11.32773929,1.322383377,Mega
66.0,18.19837817,6.138034353,Mega
71.0,18.51355605,0.825055868,Mega
89.0,22.66199853,3.082472526,Macro
80.0,20.53619813,4.65380506,Nano
77.0,28.53692221,3.714551546,Mega
85.0,29.38878187,2.734049922,Micro
84.0,30.96446241,3.763222015,Micro
27.0,6.491323673,1.109301779,Macro
75.0,28.10015017,6.641151306,Macro
35.0,9.531452188,0.103503553,Nano
40.0,22.15892791,1.900721502,Mega
29.0,16.79919436,4.279003862,Micro
11.0,4.205790339,3.05864083,Mega
20.0,4.307579249,0.047124006,Mega
65.0,24.23743524,5.698040664,Mega
90.0,29.89162818,7.445374733,Macro
28.0,17.34363919,2.071635541,Micro
20.0,3.799751394,2.624138468,Mega
42.0,13.48211131,1.979575976,Nano
98.0,33.64967765,5.078640803,Micro
76.0,30.98988307,8.301339322,Nano
29.0,8.031844855,3.237071791,Mega
39.0,4.856123013,0.874163256,Macro
41.0,19.71084564,2.568993237,Mega
69.0,18.07400354,7.33292569,Mega
67.0,18.22410861,3.249878409,Nano
77.0,24.14322754,6.439212757,Micro
11.0,0.460924393,0.258229475,Micro
47.0,8.321261321,2.224663337,Mega
42.0,11.85387899,0.425868638,Micro
12.0,6.674845961,1.986066032,Mega
92.0,30.28793619,5.38930619,Micro
82.0,23.14053461,2.043226707,Macro
38.0,12.93873682,0.763284304,Macro
93.0,34.11216622,2.786386971,Nano
50.0,19.57574792,0.47773224,Micro
42.0,7.977288188,0.983442017,Micro
22.0,4.631875016,1.714052811,Micro
39.0,2.347193413,0.588160135,Micro
43.0,19.40467358,1.227667435,Nano
32.0,3.117856352,1.381985223,Macro
22.0,1.551591041,0.486129113,Macro
38.0,8.062971378,2.409346229,Macro
45.0,15.53732896,0.125813206,Mega
49.0,14.29071783,4.671001994,Nano
96.0,31.0321785,2.172376019,Mega
83.0,30.05661135,4.918533475,Macro
66.0,19.53230719,3.884088166,Nano
24.0,6.816992888,3.927796211,Macro
85.0,32.78584244,3.253216367,Macro
90.0,20.40428624,2.217787717,Nano
80.0,36.08842395,6.192077771,Micro
71.0,21.46999184,3.220821267,Mega
10.0,5.134350235,0.689810674,Micro
76.0,28.88737713,5.953678828,Micro
11.0,7.68827301,3.023129063,Nano
90.0,33.5117751,4.663526779,Macro
21.0,5.719153159,1.08986217,Micro
26.0,4.472360044,0.717090273,Micro
21.0,8.977244028,1.183893145,Micro
70.0,19.86645844,1.948666468,Micro
92.0,31.23012284,7.478934482,Nano
41.0,19.96957206,4.491042639,Nano
25.0,13.00455149,5.277124394,Micro
29.0,19.64763273,0.856130365,Mega
28.0,5.552356016,1.01689872,Micro
25.0,5.488755498,0.394929989,Macro
64.0,26.37581692,3.715556358,Mega
34.0,16.00345822,5.979958691,Micro
63.0,24.99845725,5.37051983,Micro
82.0,30.25009056,3.334021873,Mega
42.0,15.31567266,0.605210374,Nano
90.0,33.80612226,6.27858393,Mega
100.0,33.3317102,6.057539518,Macro
98.0,27.66981156,1.605374723,Nano
18.0,4.32467821,1.383422123,Mega
87.0,32.39081231,2.967629819,Nano
10.0,12.20122965,2.452274641,Macro
66.0,21.57823348,8.87423765,Macro
94.0,27.44276637,2.375615308,Micro
36.0,13.68058332,2.503554117,Macro
44.0,10.0147525,2.056042436,Nano
27.0,13.2703404,0.858878019,Micro
76.0,27.79645954,3.915785408,Macro
90.0,26.32104188,4.477032317,Mega
66.0,26.54429241,3.947790349,Macro
49.0,8.208255183,4.305739085,Mega
49.0,16.31903668,0.463311511,Micro
54.0,21.73992856,5.195618185,Nano
23.0,10.05141481,0.156850984,Micro
13.0,0.700883,1.089991801,Mega
42.0,13.76651754,1.667909691,Macro
64.0,25.28047404,1.795472681,Macro
83.0,21.93601248,4.436259637,Micro
47.0,19.60088777,8.160758956,Mega
83.0,22.64766991,1.815303053,Macro
52.0,31.47852666,8.214623871,Mega
77.0,16.06927787,0.357098302,Macro
12.0,6.217926868,4.111669155,Nano
26.0,9.175047221,0.906720708,Micro
45.0,12.90064612,0.843237641,Macro
86.0,30.95791818,4.851285555,Macro
68.0,18.20170852,3.65305148,Micro
13.0,14.52212352,2.823846857,Nano
65.0,18.47026586,3.450908225,Macro
99.0,33.42960304,6.443252612,Macro
60.0,31.9179502,1.642863312,Macro
47.0,15.58848883,4.779978973,Mega
92.0,31.18303928,5.00595276,Mega
16.0,3.849731765,1.23722102,Micro
18.0,5.104034315,2.428498516,Micro
71.0,9.960783911,0.563444389,Mega
79.0,28.23216199,4.76982045,Macro
23.0,5.088639493,0.254285318,Micro
31.0,9.170028162,1.012183081,Nano
99.0,40.28751595,3.937106656,Nano
60.0,29.73254005,2.01239532,Mega
31.0,17.35504181,2.289854925,Nano
99.0,30.33118132,6.874902604,Micro
53.0,15.31054288,2.280185979,Macro
37.0,7.770454122,1.797070674,Micro
100.0,26.45201531,3.438501994,Nano
58.0,19.60865788,2.15523984,Macro
99.0,32.67209561,1.801486331,Micro
23.0,17.77730935,3.588287267,Nano
58.0,11.7731273,0.101324028,Micro
61.0,13.62383917,1.081630027,Mega
49.0,14.16394929,1.040513946,Micro
79.0,26.74288882,4.026507794,Nano
54.0,17.13626299,3.315389379,Nano
64.0,24.59745898,7.320931129,Nano
92.0,33.39604904,4.480487867,Nano
80.0,21.82701759,1.183157336,Macro
76.0,25.09598285,3.588906021,Mega
14.0,7.528707085,0.62760563,Nano
11.0,7.398527379,1.313158384,Micro
90.0,30.76362901,3.521698276,Nano
99.0,30.14056912,6.546158024,Mega
55.0,18.05470687,3.922401368,Nano
53.0,15.73860438,4.224996581,Mega
20.0,6.533529151,0.389875207,Mega
25.0,13.96921225,5.209408375,Mega
33.0,5.809820873,1.228691086,Mega
27.0,12.24599734,2.026165043,Mega
72.0,11.81185289,0.497252493,Micro
74.0,29.66161056,6.605580895,Mega
27.0,6.665685049,1.885684114,Nano
10.0,6.090843306,1.41702401,Macro
79.0,26.37176232,4.775905732,Micro
37.0,0.53868841,0.870266399,Macro
68.0,16.84529732,4.987388927,Macro
81.0,29.12147199,7.916414207,Nano
55.0,19.80180903,1.585076725,Micro
63.0,28.52795281,3.168882093,Macro
50.0,17.478614,6.264962348,Micro
82.0,25.51805538,2.738878738,Mega
23.0,3.159149146,1.838038355,Mega
48.0,14.81567322,2.458459238,Nano
12.0,5.30937103,0.886191819,Micro
24.0,4.014313143,1.258968767,Macro
30.0,9.749321224,3.173628519,Mega
81.0,27.33577511,5.263650376,Micro
64.0,22.69323068,0.34962043,Micro
22.0,14.04193665,4.643545687,Macro
49.0,16.59159546,0.394758957,Micro
89.0,29.19640099,5.766582735,Mega
94.0,26.87287001,2.585689594,Macro
51.0,14.76555949,4.811434198,Nano
97.0,31.55107466,5.170242248,Macro
17.0,8.482697909,0.946148453,Nano
40.0,9.790167854,5.124846848,Micro
97.0,38.2427277,7.11700822,Micro
93.0,27.05446611,5.748857069,Micro
32.0,14.48421832,0.612035667,Micro
75.0,20.62311544,6.519578952,Macro
19.0,10.36054593,1.354422273,Mega
37.0,17.592606,2.569460824,Macro
94.0,28.34632962,2.769185314,Macro
27.0,8.386185282,4.05505902,Mega
26.0,5.928308617,2.03273826,Micro
64.0,22.81691505,6.280742013,Micro
30.0,10.3027251,3.030377184,Micro
73.0,23.16628697,4.273919017,Mega
37.0,10.40371072,0.263531928,Nano
25.0,15.28573168,0.430381993,Micro
74.0,30.96750738,13.08395694,Mega
44.0,13.79194397,4.325957086,Macro
46.0,15.57190659,3.193752933,Nano
63.0,24.11768874,5.295901775,Mega
51.0,30.89320729,7.389871572,Micro
52.0,10.65220223,0.81995501,Macro
14.0,5.478510793,2.250340619,Macro
21.0,6.701206992,0.8861581,Macro
78.0,26.40676494,2.475101624,Macro
13.0,7.54871986,0.881171591,Nano
55.0,13.72729882,3.332910977,Nano
57.0,16.22435758,2.816390044,Nano
22.0,13.49482792,3.186230229,Nano
17.0,12.91914773,1.904300714,Macro
62.0,23.88464708,4.74068007,Mega
62.0,24.93153398,5.478962155,Nano
79.0,19.48177541,2.244635012,Macro
41.0,12.73241353,0.53126965,Macro
85.0,18.80897495,5.653697173,Macro
65.0,23.33843751,3.875179167,Macro
26.0,12.10537618,4.007434704,Macro
23.0,5.723865238,4.001562789,Nano
47.0,12.91493042,1.829351188,Nano
36.0,16.25772483,2.784612646,Mega
26.0,6.436900014,1.163715191,Mega
88.0,37.28722266,11.96433309,Micro
10.0,0.573244039,1.072542455,Micro
80.0,29.34018613,7.067678233,Nano
87.0,31.331044,7.012678356,Macro
24.0,3.595598161,0.980335778,Macro
59.0,18.05024365,2.889912691,Macro
71.0,24.37537742,3.050471293,Macro
42.0,17.86317794,4.313004614,Macro
19.0,11.84308384,1.411744529,Macro
83.0,26.01949395,4.824377926,Nano
45.0,14.76514666,4.973730489,Mega
16.0,6.067807963,1.960487823,Nano
36.0,19.24574054,0.229962294,Mega
71.0,17.5346403,1.94087322,Macro
12.0,4.55390149,0.028845079,Macro
47.0,18.34351719,1.261528644,Micro
12.0,7.525871114,4.351137632,Nano
64.0,16.07763967,2.392235948,Mega
11.0,0.038150719,0.266766715,Macro
93.0,31.27186809,8.352357783,Micro
69.0,25.74882385,1.818395347,Nano
98.0,30.37795016,3.96458204,Micro
43.0,8.573864534,3.298362157,Micro
80.0,26.88480845,6.158385471,Nano
40.0,13.9310362,3.935940555,Nano
86.0,18.58905369,2.780680191,Micro
100.0,42.83265278,3.965112831,Micro
44.0,15.72633981,5.470316628,Mega
86.0,19.98864888,1.227231469,Nano
87.0,35.10610721,7.594133849,Mega
28.0,6.008656035,2.789498789,Micro
63.0,17.9879371,3.817063176,Micro
90.0,29.0968972,6.041618334,Macro
35.0,7.227368592,1.144932144,Micro
80.0,24.00926522,0.277916714,Macro
47.0,13.39621739,4.181491721,Mega
65.0,22.01819072,3.352790007,Micro
19.0,6.005250648,2.38362943,Macro
72.0,23.0710855,0.934353612,Nano
91.0,28.6116327,5.507701839,Macro
73.0,28.4645976,5.545684409,Mega
41.0,15.399307,1.168398986,Mega
84.0,28.25584373,5.699994101,Mega
41.0,11.21191726,5.767485022,Micro
37.0,16.85298144,3.91916677,Nano
46.0,15.79668978,0.59689445,Macro
74.0,29.52017002,2.333157382,Nano
51.0,20.67313753,2.285148533,Micro
31.0,6.900105047,0.7423989,Nano
68.0,13.86615704,0.040676461,Micro
34.0,14.99603995,1.984357576,Micro
24.0,9.225854712,3.542555386,Micro
25.0,5.308684631,1.459211679,Nano
30.0,8.23299153,0.635691754,Micro
87.0,26.2868629,1.777654087,Nano
74.0,26.87738758,3.516430061,Micro
20.0,4.218479595,2.092680162,Micro
83.0,30.64496663,6.844189108,Micro
75.0,31.43960904,5.03708252,Micro
75.0,26.68858037,7.527451339,Nano
34.0,14.88677162,0.899125167,Macro
73.0,22.86737608,0.968984226,Nano
21.0,17.18990789,0.237534685,Macro
62.0,23.86330204,4.208564348,Micro
67.0,10.44756548,2.178328312,Mega
55.0,11.31363936,1.457213766,Nano
22.0,3.119413491,2.819735385,Micro
47.0,18.22307143,1.474865689,Macro
61.0,20.21722551,6.875922114,Nano
58.0,21.59094563,5.880669368,Nano
31.0,12.53100733,2.685308786,Nano
17.0,7.759342529,1.962255801,Nano
60.0,22.4028944,5.276295758,Nano
64.0,17.95098004,0.156159603,Micro
15.0,7.631560662,1.459345124,Nano
79.0,28.86285965,1.487848366,Nano
47.0,17.60586851,2.785139037,Macro
33.0,7.841799099,2.114598916,Nano
60.0,23.78188165,1.048029693,Nano
21.0,1.086564488,1.233637133,Nano
15.0,11.35623505,0.85939064,Mega
50.0,18.2630567,4.050816325,Mega
86.0,28.01877818,4.629252433,Macro
27.0,9.569824803,2.216601931,Mega
39.0,10.98094871,1.069789208,Nano
18.0,7.022067609,0.289604731,Micro
38.0,14.81513871,6.190336545,Mega
63.0,22.72019,2.46555663,Macro
95.0,25.73376486,2.270527985,Nano
50.0,10.37446633,4.32978936,Mega
74.0,22.67960376,3.535072235,Mega
61.0,26.01795786,4.539550507,Micro
48.0,5.931776912,0.520852596,Mega
91.0,29.48179455,2.502110175,Nano
97.0,29.94711311,4.767623725,Mega
38.0,16.35728777,0.910704373,Nano
73.0,27.55549019,2.927052434,Micro
36.0,5.363569955,0.89945807,Mega
34.0,18.30838926,4.750979211,Nano
91.0,40.10852728,7.236170474,Mega
55.0,19.36532701,7.680491394,Macro
57.0,21.18777348,1.021528117,Macro
43.0,5.738747528,0.043311281,Mega
68.0,17.74223933,2.756638743,Mega
68.0,20.71881535,0.144885367,Mega
30.0,7.377348336,4.990927845,Macro
23.0,0.337280944,1.659522761,Mega
55.0,25.73139014,3.820392929,Micro
84.0,26.42486812,1.19268299,Micro
22.0,2.361074628,3.343804334,Macro
12.0,3.876010939,1.906025559,Micro
94.0,34.83022342,6.007376739,Mega
14.0,0.199780147,2.12760286,Mega
79.0,24.13102522,4.384600824,Micro
66.0,20.43830433,2.097019822,Nano
74.0,24.62362561,5.521459055,Micro
21.0,14.65992703,3.07256704,Macro
10.0,1.667023998,5.648119947,Micro
38.0,5.433861834,4.68229946,Macro
26.0,10.72282034,2.627919227,Macro
49.0,17.08679602,1.73819839,Micro
37.0,10.52698932,0.830311194,Macro
17.0,10.62493206,5.604877885,Mega
58.0,13.94936767,4.793888364,Macro
33.0,6.244258946,1.703124543,Mega
33.0,10.17684557,1.872567716,Macro
87.0,34.53602104,4.63217989,Mega
50.0,14.11823913,0.461927771,Mega
100.0,34.77145023,6.553819539,Micro
92.0,27.8684782,2.766438696,Micro
49.0,21.10940259,4.247449589,Macro
92.0,26.8926879,3.890886001,Nano
84.0,28.06256577,3.420994554,Nano
89.0,30.98092574,4.599569215,Nano
46.0,18.99508544,0.962846607,Macro
62.0,21.34402806,1.262535921,Mega
57.0,17.73126576,1.135948669,Micro
78.0,26.62195735,3.352122062,Mega
87.0,25.30886812,0.888742374,Macro
80.0,23.59775824,7.812127296,Macro
68.0,25.61370018,6.464483068,Nano
17.0,6.644540939,0.889902454,Nano
20.0,3.655618827,0.901505113,Nano
78.0,26.82739706,2.389919757,Micro
29.0,8.503710547,3.662492615,Macro
59.0,24.66295001,4.291873948,Micro
40.0,20.30739536,1.15081881,Micro
66.0,20.88661089,4.727851849,Micro
51.0,27.45609511,1.952142405,Micro
20.0,11.75733151,3.733754349,Nano
18.0,24.48425958,5.258960389,Macro
44.0,12.5643202,4.04894823,Nano
37.0,13.33891846,2.531478926,Micro
100.0,27.77989541,5.280720518,Mega
44.0,14.69294557,3.043872289,Macro
60.0,17.59914055,1.792459542,Macro
54.0,14.11905996,4.21564213,Nano
26.0,10.81384681,2.310877745,Micro
97.0,27.20282364,8.986277187,Nano
21.0,11.11699915,0.298541858,Nano
99.0,26.53623007,3.80369576,Nano
36.0,4.91886598,0.39581294,Nano
79.0,24.182637,8.112998598,Macro
67.0,22.92648803,5.522947611,Nano
90.0,29.55800369,3.425633439,Macro
73.0,28.96041023,2.673042346,Nano
62.0,22.51118185,5.611983098,Macro
90.0,36.55151239,9.883176364,Mega
64.0,25.13907969,3.249423621,Nano
55.0,19.7220372,4.378775534,Micro
10.0,5.040121601,0.704360749,Mega
72.0,22.29004916,2.95721943,Macro
38.0,8.430632401,1.893366838,Micro
40.0,11.90789251,1.958036191,Nano
26.0,14.75836595,0.605994361,Nano
25.0,19.23206627,4.730563384,Macro
74.0,15.46334754,2.480593239,Nano
56.0,13.99621892,0.602834245,Macro
52.0,17.11323977,2.638642418,Mega
10.0,2.298248107,2.435478085,Mega
70.0,17.12263904,0.29907415,Micro
47.0,18.04699408,1.401191326,Macro
39.0,11.06056355,3.690414895,Micro
96.0,36.97046742,7.525472375,Macro
82.0,28.98362002,5.778260941,Mega
63.0,20.70580331,3.522060728,Macro
96.0,22.45101738,1.115810985,Nano
15.0,4.405612027,3.454121714,Macro
31.0,12.32745975,1.450388739,Mega
34.0,8.100352967,4.642785095,Nano
10.0,2.197709315,1.486695536,Mega
30.0,10.55740569,3.122487155,Mega
20.0,3.31555073,0.424423006,Micro
95.0,35.2543515,7.879232437,Micro
92.0,26.81404542,4.200575594,Macro
26.0,13.89189629,2.39359741,Micro
11.0,6.327931043,1.110666769,Macro
68.0,26.21474469,5.257853498,Micro
46.0,15.43266188,1.018386283,Mega
43.0,12.32309593,1.312615046,Macro
87.0,24.95177785,1.015740835,Nano
77.0,25.58343965,3.870991902,Macro
11.0,7.633014867,4.595993855,Macro
69.0,23.74410652,5.035551434,Nano
42.0,16.58242049,2.233249823,Nano
33.0,13.36586735,0.012138363,Macro
74.0,25.67430718,3.229394656,Micro
36.0,19.22949803,3.440342386,Micro
39.0,14.01002933,5.185134443,Nano
83.0,24.96773561,6.371890502,Micro
15.0,3.578435619,0.504868131,Mega
46.0,8.337110578,0.799469099,Mega
100.0,28.59728685,6.150342746,Mega
17.0,6.867834252,0.023448897,Micro
13.0,9.434361981,1.80338467,Micro
54.0,23.65763584,3.84699715,Mega
69.0,23.47473707,5.622279813,Micro
97.0,31.70701011,4.365166691,Nano
58.0,23.29102567,1.819778353,Macro
99.0,36.87630184,7.618605058,Mega
34.0,5.491376948,2.357565194,Nano
45.0,15.74523453,0.344629786,Micro
16.0,6.004431969,2.725432887,Macro
49.0,8.283163563,1.257285088,Mega
44.0,11.82249558,1.840562767,Macro
78.0,21.17355108,1.521428549,Nano
49.0,17.97929137,1.427125794,Micro
38.0,12.90576954,0.090806236,Micro
97.0,23.10529962,5.386107526,Macro
63.0,19.29607338,2.482620404,Nano
96.0,36.33920355,2.480408288,Mega
24.0,7.225799684,1.333769168,Macro
15.0,1.768192165,2.568925254,Macro
63.0,14.43895625,2.954981196,Micro
46.0,11.41002235,2.694955186,Mega
63.0,25.44021521,3.473814317,Mega
54.0,26.55541659,4.633747811,Nano
33.0,19.33747589,0.742523265,Nano
77.0,28.46882717,3.439719406,Macro
95.0,28.46452027,3.601174633,Mega
22.0,5.55931568,2.410001518,Micro
80.0,29.63068625,7.527312834,Nano
66.0,16.43219543,3.237042142,Macro
23.0,2.201752448,0.376547887,Nano
82.0,26.52121969,8.80643288,Macro
66.0,21.83513317,6.269988283,Mega
17.0,2.249203812,0.395150251,Nano
91.0,35.43036545,4.872217981,Nano
86.0,29.91962703,6.312902998,Mega
62.0,26.56556136,2.245302708,Mega
68.0,18.96855432,3.658658469,Macro
19.0,4.182629353,3.338355193,Mega
94.0,37.63339784,3.593898692,Mega
79.0,21.04641738,4.585300693,Micro
74.0,29.56295098,2.060719698,Micro
91.0,24.70800033,1.160337309,Micro
84.0,27.81758246,6.171058415,Micro
34.0,11.61161414,3.240610721,Micro
91.0,17.88186115,4.934914451,Nano
18.0,12.38447814,1.637157501,Nano
57.0,16.7999394,2.953104068,Nano
19.0,7.95837325,2.432539852,Micro
95.0,33.7322487,2.828376137,Micro
91.0,34.15101221,7.847444243,Micro
44.0,15.66926662,1.086781261,Nano
47.0,7.903492524,1.551582154,Micro
37.0,13.37330873,0.38920132,Nano
77.0,29.75675332,3.156460901,Macro
59.0,19.15990669,4.831583416,Nano
88.0,20.3636207,5.245145153,Macro
55.0,10.29724464,1.36503372,Mega
84.0,27.6452302,5.916649652,Nano
49.0,15.85805646,3.969103203,Mega
38.0,16.08943737,2.525347278,Micro
35.0,7.798023839,1.957661502,Macro
53.0,10.67865124,3.724557377,Micro
11.0,3.335733398,1.314762104,Mega
81.0,30.51678552,4.253765851,Mega
39.0,14.37856572,0.241241209,Macro
97.0,35.88463577,2.264974023,Micro
52.0,13.43002119,2.656327532,Nano
71.0,25.76614235,4.75250808,Macro
99.0,37.26381865,6.88653481,Nano
89.0,20.86981195,7.882758146,Nano
82.0,30.62242105,6.78586305,Mega
39.0,26.08214459,3.414835509,Mega
96.0,31.77594405,7.021627245,Micro
37.0,14.34414237,3.13864616,Mega
62.0,27.59890985,3.606600914,Nano
61.0,10.3847837,2.257493687,Nano
32.0,0.758066665,2.359200238,Mega
17.0,6.337465655,1.733237745,Nano
86.0,27.46516556,4.518231362,Micro
88.0,26.30065656,4.204039947,Nano
68.0,19.13141921,6.834952137,Micro
63.0,20.77468172,6.259153285,Micro
75.0,29.3906457,5.909569393,Mega
98.0,34.41226462,1.939969763,Macro
70.0,30.47388738,5.704360367,Nano
47.0,14.90938897,0.172817665,Macro
90.0,23.85096981,1.784880296,Macro
36.0,10.60419906,3.560618087,Micro
13.0,4.441685878,0.043926315,Nano
37.0,12.70924201,4.63850598,Macro
77.0,27.90609645,4.144917168,Macro
58.0,16.21319014,1.808076507,Macro
60.0,17.69173462,3.241365169,Nano
36.0,2.629061724,4.784614133,Nano
80.0,24.16999806,3.53517966,Macro
82.0,34.76779038,4.248044829,Micro
32.0,15.40516167,4.049889123,Nano
12.0,11.83576293,2.828314712,Nano
30.0,10.78600157,0.476179479,Nano
45.0,15.75354548,0.714255601,Micro
63.0,15.49398588,0.383257582,Macro
31.0,16.33744378,3.886172961,Mega
83.0,27.98792232,6.066843266,Macro
20.0,14.13534024,3.890982839,Micro
92.0,31.09859014,5.451928941,Mega
20.0,1.319809182,0.644217455,Nano
76.0,19.86221522,2.198497564,Nano
29.0,18.18480338,1.570359462,Macro
67.0,12.84948587,3.413281045,Mega
27.0,7.351579839,3.159416944,Mega
94.0,40.13111896,5.87651394,Nano
62.0,19.00447338,0.255726683,Macro
56.0,24.39503194,7.606384879,Micro
84.0,23.41186612,3.38645132,Nano
63.0,18.0716099,4.009603049,Macro
34.0,5.867787059,4.071008852,Mega
31.0,14.95348305,0.048020677,Micro
53.0,17.36953424,4.404963491,Macro
62.0,19.93974943,1.581668395,Mega
74.0,22.67029057,4.618754518,Nano
38.0,8.872274678,1.605213404,Macro
17.0,6.782228139,2.37336051,Nano
40.0,10.13915927,0.323433508,Macro
12.0,5.013390243,0.840971884,Nano
77.0,26.85928418,4.954590412,Macro
19.0,10.61709956,1.277720616,Macro
89.0,25.7685786,4.213173006,Nano
36.0,10.79687452,3.619462671,Micro
97.0,24.13192924,3.174014104,Macro
31.0,6.751330815,0.436407096,Micro
56.0,21.46041579,2.388734762,Micro
70.0,25.1423791,3.418215318,Nano
16.0,5.768998355,0.167732483,Macro
37.0,6.172686666,0.339882776,Mega
69.0,19.65653268,3.380057305,Mega
49.0,16.39876978,1.569718706,Macro
76.0,22.22593968,2.580100287,Nano
83.0,36.0042875,6.299889469,Nano
33.0,13.38002348,5.391596379,Macro
98.0,31.93407082,4.645249764,Micro
62.0,11.56312736,1.926692956,Mega
24.0,15.57823282,0.613989803,Macro
93.0,28.27465769,2.404138725,Mega
59.0,21.18724484,1.117233143,Nano
42.0,10.01903472,0.191093711,Nano
13.0,3.084029135,1.00780763,Mega
97.0,34.78643691,5.168134754,Micro
49.0,23.08245994,5.745417559,Macro
50.0,11.10971142,3.949362396,Nano
30.0,10.64510759,1.915517115,Macro
24.0,6.155116452,1.258231325,Micro
90.0,25.32989622,4.301506554,Nano
70.0,25.91833389,4.768469714,Nano
56.0,20.55128397,1.437485088,Micro
15.0,13.49819708,2.084050121,Micro
99.0,37.7178052,3.590086383,Nano
19.0,9.22885874,1.70702226,Micro
54.0,9.966013162,1.321266997,Macro
11.0,8.231312431,0.304835686,Mega
29.0,9.002412712,0.609849942,Nano
31.0,11.9454269,1.410199557,Mega
100.0,34.99956608,3.442713665,Micro
44.0,19.86674573,3.239329723,Micro
50.0,18.1727377,5.722841776,Micro
63.0,16.10084562,3.055372489,Micro
74.0,31.20063184,5.956147638,Macro
85.0,20.84691258,8.21413169,Macro
94.0,32.14620508,4.61092529,Macro
54.0,22.15078407,5.855266971,Macro
39.0,19.59319699,1.603298206,Micro
14.0,12.39563737,1.908127571,Nano
53.0,23.78936741,2.363466948,Micro
55.0,12.20695949,5.385105587,Micro
88.0,24.96601033,1.277689358,Macro
34.0,7.767692583,2.769472522,Macro
87.0,22.97221688,0.569872983,Nano
37.0,18.11528843,3.862596413,Nano
58.0,21.03563703,2.676063422,Nano
18.0,8.838122541,2.715304509,Nano
13.0,4.074671666,2.969846102,Nano
48.0,10.8228892,1.350736827,Mega
14.0,12.22643543,2.751871742,Macro
43.0,12.21216027,3.794746614,Micro
90.0,25.80246922,3.378647937,Micro
49.0,12.07216987,4.381532375,Macro
45.0,6.359354009,0.7043668,Mega
99.0,30.30840623,7.342506617,Nano
100.0,30.4451489,7.897284137,Mega
38.0,10.84290228,0.306923754,Mega
79.0,27.44053749,2.943291647,Mega
70.0,23.21694607,4.202648436,Micro
32.0,16.97849321,3.037709099,Mega
22.0,0.561491671,0.18288451,Micro
55.0,21.8064834,2.570983167,Macro
76.0,23.59569776,4.519114653,Micro
28.0,9.184659403,0.686658382,Micro
94.0,37.47520003,6.093510288,Macro
34.0,12.35039071,6.24012692,Mega
74.0,20.16118814,2.57120506,Nano
85.0,17.92814765,2.125619697,Mega
93.0,37.34778216,8.278557955,Nano
32.0,18.32416851,2.612609807,Nano
35.0,6.790018809,1.234108294,Macro
34.0,17.91425703,3.047221413,Mega
36.0,9.099158632,1.051392464,Micro
51.0,18.07310728,5.706993806,Micro
65.0,19.80994369,6.390368242,Macro
77.0,25.12131765,5.518115349,Nano
73.0,16.85283064,4.371485674,Micro
94.0,31.21314927,6.894316975,Nano
100.0,36.57380821,5.273156173,Mega
52.0,20.30070166,4.283666628,Macro
68.0,19.53554781,2.056270378,Micro
36.0,16.58347729,0.710402473,Mega
67.0,21.50116376,2.810213152,Mega
100.0,34.36913284,5.77397264,Mega
48.0,10.35936844,3.609029513,Nano
50.0,18.9396793,2.457398302,Micro
73.0,19.18375248,3.345825344,Mega
14.0,0.148676092,2.597693107,Micro
73.0,23.60921933,3.105811614,Nano
18.0,10.13781443,3.181971706,Macro
32.0,11.21930355,0.656788657,Micro
73.0,30.6636907,4.071548218,Nano
90.0,34.3769832,5.298158719,Mega
83.0,31.8388312,3.84892856,Micro
40.0,18.15010991,3.230139036,Macro
40.0,13.84088825,4.726136465,Nano
63.0,11.20427955,1.845740304,Mega
86.0,31.98979236,4.802363644,Mega
24.0,7.47427064,0.440111075,Mega
85.0,24.18110445,2.542531154,Mega
41.0,11.53355109,0.506740109,Macro
69.0,18.66741369,4.807658808,Mega
47.0,18.76508582,6.298226829,Macro
32.0,14.48736052,0.931805763,Macro
11.0,6.244162288,0.759346585,Macro
30.0,0.179656032,0.280326002,Nano
42.0,22.00041826,2.830148305,Micro
54.0,19.27265847,1.302007252,Micro
49.0,16.67239093,2.471372347,Nano
95.0,33.30369314,5.275759812,Macro
45.0,22.81931349,4.037226529,Micro
43.0,4.246828009,1.182699755,Micro
26.0,15.96243391,3.251310532,Mega
71.0,19.47415695,4.433751454,Nano
48.0,22.65504441,5.973427536,Mega
75.0,20.77119006,1.930360197,Nano
95.0,38.41522497,7.673636553,Micro
78.0,28.99112621,6.265845002,Micro
75.0,29.24105443,3.969112218,Micro
26.0,3.497184714,1.675119633,Macro
15.0,1.619455174,0.263737433,Nano
15.0,4.953746366,0.903951533,Nano
94.0,30.74081606,1.325993613,Micro
13.0,2.528946519,1.071299959,Mega
87.0,31.85172567,6.521062849,Nano
46.0,17.87483166,3.918941935,Micro
59.0,15.35208505,0.201442064,Mega
96.0,27.25291238,3.938099223,Nano
59.0,31.00062729,2.464132207,Micro
47.0,13.83842892,2.524159498,Mega
58.0,17.39877506,4.007447145,Nano
61.0,29.98807828,5.491511053,Micro
75.0,30.8609378,5.033560605,Micro
51.0,23.05943072,4.309633654,Micro
47.0,15.70133839,0.377178568,Nano
82.0,25.84421495,5.576685984,Nano
19.0,6.81912787,3.677202163,Micro
40.0,17.89165524,4.098492828,Mega
35.0,14.57976711,3.274513943,Nano
85.0,33.41836523,4.973469351,Mega
71.0,32.11362476,2.522217397,Nano
68.0,18.5450234,3.901617087,Mega
37.0,5.580487693,4.347285454,Macro
10.0,7.109840315,0.35804823,Macro
57.0,18.17476033,2.498876616,Mega
35.0,11.02127115,2.528031813,Nano
36.0,20.38097787,3.928353632,Nano
57.0,17.89151781,4.776428455,Micro
98.0,37.57095206,8.529604366,Mega
94.0,16.78014184,2.965429418,Nano
83.0,30.25054026,5.5311094,Macro
23.0,13.72417939,0.403192075,Macro
75.0,38.27143199,8.586450249,Micro
18.0,2.609402156,0.055425098,Nano
77.0,21.79509063,5.432038429,Mega
66.0,27.96404564,5.055596363,Nano
86.0,30.40958262,6.126358542,Mega
83.0,32.79010616,10.2437346,Mega
85.0,23.77346122,4.542661031,Mega
31.0,15.76397898,0.890836345,Micro
60.0,19.56382452,3.911593076,Mega
93.0,29.24109161,3.030024575,Micro
46.0,22.8870475,1.144771295,Nano
69.0,23.96530468,4.49419079,Micro
17.0,7.002813809,0.236655441,Micro
93.0,26.86739055,2.603665219,Nano
39.0,8.437964502,2.926366891,Mega
20.0,12.91275537,0.141228007,Micro
20.0,10.17960343,1.182064453,Nano
72.0,11.3926569,4.185864342,Mega
25.0,5.384656349,0.63199073,Mega
51.0,18.81480053,3.440682119,Mega
63.0,20.91620696,4.093511379,Mega
74.0,21.16288162,2.039521432,Nano
14.0,0.936349062,0.389304514,Mega
42.0,15.50442945,2.861961964,Mega
34.0,17.36318028,4.198920401,Macro
14.0,11.24439034,2.602426966,Mega
19.0,4.906580811,3.263641471,Nano
65.0,24.08129979,6.713941984,Micro
19.0,10.62585401,1.036051829,Macro
71.0,20.84941338,2.469887527,Mega
37.0,10.00031472,0.039404657,Mega
64.0,20.36203851,1.527641801,Macro
96.0,28.69482119,1.184927259,Macro
55.0,13.23675142,0.603918273,Mega
12.0,3.135564385,2.924747767,Micro
28.0,4.164198677,0.357389068,Nano
83.0,25.39696363,2.810283955,Nano
59.0,17.21377371,3.625658422,Micro
81.0,28.10521,5.05968854,Micro
20.0,6.460315841,1.391487958,Micro
16.0,1.342911026,2.244921251,Mega
32.0,16.29046631,5.212856081,Mega
54.0,10.7247493,0.3426558,Mega
63.0,23.56384635,7.89715201,Macro
53.0,12.07008908,1.852175612,Mega
46.0,19.46702048,1.145521306,Micro
81.0,32.48179976,5.065837233,Macro
99.0,33.87824351,8.091610987,Mega
59.0,19.70210755,3.903538448,Nano
67.0,18.27604405,2.348785403,Micro
38.0,12.06842573,0.85156322,Macro
97.0,35.15147481,10.61089545,Mega
15.0,8.592102996,4.880310779,Mega
91.0,25.30746615,3.608188794,Macro
68.0,29.8927411,6.096743741,Mega
56.0,14.68210758,3.733367354,Micro
16.0,5.33194285,0.326301556,Macro
55.0,13.81363025,3.245540816,Mega
45.0,17.0231992,1.057001575,Mega
66.0,26.44214863,3.116634564,Nano
89.0,31.37888985,3.74603739,Mega
82.0,28.51798649,5.24218225,Nano
35.0,19.15649829,3.724764606,Macro
21.0,6.397648245,0.151215719,Nano
85.0,31.86497083,5.081795137,Micro
59.0,16.64673559,6.234787461,Mega
56.0,25.27608704,3.239265214,Mega
28.0,2.208500547,1.329471082,Macro
88.0,34.75140749,3.520735816,Mega
39.0,8.027424156,3.780097613,Mega
96.0,37.00648765,7.150101013,Mega
65.0,27.45177105,4.551897382,Macro
15.0,4.49022906,3.840346443,Macro
46.0,14.39237842,1.240397092,Micro
40.0,9.006915909,1.575542558,Macro
56.0,12.97856308,1.005704299,Macro
61.0,18.97689884,2.309437067,Mega
90.0,24.509163,5.201518953,Nano
58.0,12.19180528,1.666526752,Nano
10.0,2.60914311,2.819618562,Micro
39.0,14.37870711,2.671230095,Micro
18.0,10.86748903,0.690997745,Macro
21.0,10.57592766,1.063323097,Nano
29.0,7.868453405,1.960643728,Nano
60.0,21.84186431,5.092528304,Macro
43.0,10.36532832,2.844228834,Macro
66.0,23.9153958,3.955480444,Mega
61.0,20.91410383,1.168951922,Micro
85.0,40.19445822,5.326762155,Macro
42.0,12.81137191,2.234517357,Mega
90.0,32.75641678,1.581845181,Macro
64.0,20.53317132,4.245637001,Micro
84.0,26.76644607,3.817537409,Mega
91.0,29.89437658,5.836856118,Macro
48.0,26.55069861,6.375071446,Macro
49.0,21.10566879,7.20966175,Mega
100.0,31.35903037,6.512735644,Macro
29.0,4.952167506,0.015178191,Macro
40.0,8.565813523,0.975294751,Micro
51.0,27.16698915,1.952594516,Micro
19.0,3.562325119,1.729921479,Nano
43.0,15.03138623,0.742116974,Mega
96.0,33.28958396,6.573732291,Micro
83.0,34.28141179,8.697487404,Nano
34.0,18.15111996,3.103474045,Micro
21.0,5.777996595,0.342541946,Mega
28.0,4.51613662,2.92255466,Nano
88.0,26.8080032,5.01968692,Nano
63.0,20.34360352,2.500255148,Macro
44.0,16.48492471,1.282186653,Micro
26.0,10.27052279,1.711637177,Mega
85.0,32.11478337,6.307491644,Nano
22.0,0.215380634,2.2912306,Macro
54.0,13.09647398,1.75071503,Mega
43.0,14.23410457,7.556928483,Nano
33.0,11.22418965,5.585571387,Mega
41.0,7.143984704,1.185990305,Mega
43.0,13.20914931,1.987019937,Mega
15.0,1.724488258,2.238012224,Micro
73.0,20.74650679,1.918559126,Macro
96.0,32.89164931,2.377670015,Nano
33.0,8.183954068,0.147169499,Nano
95.0,26.72353586,3.600530083,Mega
55.0,20.69486154,3.953574081,Nano
14.0,9.102133973,0.114328704,Micro
87.0,31.07122783,4.894238959,Nano
100.0,32.57274847,5.430991677,Micro
72.0,17.98193992,1.675082402,Micro
75.0,23.62623841,6.199769157,Mega
17.0,0.000683948,0.672619169,Nano
15.0,1.446983796,2.921059933,Micro
69.0,21.53031815,0.808431096,Macro
87.0,35.64589864,5.481844244,Macro
69.0,20.72249672,1.677068517,Mega
27.0,4.701938982,2.075231234,Macro
59.0,8.856135087,3.232468215,Nano
23.0,3.424421953,1.254887329,Nano
18.0,1.481611067,2.321315362,Nano
54.0,18.12225321,6.685431919,Nano
37.0,16.22896033,1.856518043,Nano
13.0,7.444383355,5.103530387,Nano
29.0,14.54674449,1.244351752,Nano
85.0,26.31262933,3.527462273,Mega
27.0,2.838152223,0.755762023,Nano
38.0,17.84312218,2.009779488,Micro
34.0,7.110267429,3.588867403,Mega
52.0,12.8135709,3.97040315,Micro
84.0,28.45135602,2.841499055,Nano
43.0,17.1361121,3.371310994,Mega
89.0,26.70268754,3.575561714,Micro
27.0,14.0173457,2.473259935,Macro
25.0,12.54018005,1.757871648,Nano
56.0,17.73673383,2.094383195,Micro
68.0,22.38968684,1.506105779,Micro
50.0,16.07391542,2.133291153,Micro
64.0,10.93089931,3.085375073,Mega
88.0,29.43758471,5.523007979,Micro
89.0,29.61754574,4.126546307,Micro
90.0,30.45575787,4.061587268,Macro
28.0,7.492119318,1.454800109,Nano
86.0,21.64940648,0.404270733,Nano
87.0,25.71992906,4.324441808,Mega
86.0,22.55656827,3.67613635,Mega
51.0,23.28772776,6.650243242,Mega
74.0,20.71704181,3.564433801,Nano
64.0,17.73913594,7.069535685,Mega
85.0,29.38321484,5.319155045,Macro
69.0,26.58051398,5.179786502,Mega
54.0,17.47277703,1.477320945,Macro
43.0,18.7292892,2.593969187,Macro
70.0,28.11519313,5.700976365,Macro
87.0,29.11492788,6.434981931,Nano
32.0,16.82166633,1.585219121,Micro
80.0,24.55463481,4.832325799,Micro
70.0,28.84317427,5.226574958,Macro
48.0,12.73575034,0.021272948,Nano
22.0,8.781468479,5.393660696,Mega
75.0,32.4386176,4.859321808,Micro
35.0,15.93153303,4.551268618,Mega
65.0,22.50506462,6.523355861,Macro
80.0,26.81982599,0.700882001,Mega
33.0,11.50253176,2.911123858,Micro
30.0,10.83082132,3.734457823,Macro
57.0,24.12221974,5.012811682,Macro
46.0,13.43845073,1.228182851,Mega
92.0,27.96234205,7.395202068,Mega
77.0,16.07402028,2.696286698,Nano
15.0,3.636114603,0.732190448,Micro
76.0,34.12497308,5.948489204,Mega
28.0,5.313706473,2.473598787,Nano
84.0,30.18997846,3.43325727,Nano
56.0,16.76213505,5.647998207,Mega
40.0,13.82530357,4.07349775,Nano
16.0,2.452537089,0.865971168,Macro
18.0,9.71688467,1.20773669,Nano
16.0,2.181141862,0.316356235,Nano
67.0,20.08171295,0.884518198,Macro
80.0,29.71334143,2.22160046,Micro
10.0,0.858809909,3.621606085,Mega
92.0,36.90254427,7.630973429,Nano
82.0,24.48892201,2.559907081,Nano
72.0,25.93209391,0.237228908,Mega
86.0,24.31804069,4.732207886,Mega
32.0,8.459387308,0.474236007,Mega
92.0,40.73698967,4.636563904,Nano
96.0,32.57632596,4.849638451,Nano
60.0,29.91466827,7.566088234,Macro
70.0,17.06761498,3.299867282,Macro
54.0,15.69645629,3.306405925,Macro
23.0,7.152598827,2.853751524,Mega
19.0,4.71875797,1.231213712,Nano
83.0,32.83596609,5.757350405,Nano
57.0,11.27077509,0.489079881,Nano
80.0,31.5992473,5.409547295,Mega
32.0,17.01194371,2.682326269,Micro
35.0,16.29976047,0.058387425,Macro
54.0,26.53273409,4.434096476,Nano
45.0,17.94359103,0.169790571,Macro
17.0,11.16675392,2.370877592,Macro
29.0,8.594467237,6.259991431,Macro
82.0,32.4234128,5.912088386,Nano
66.0,22.15855916,2.197680767,Macro
84.0,24.84851521,1.84106861,Micro
36.0,14.16404637,0.497245703,Macro
57.0,17.50937376,3.912910486,Macro
50.0,23.42542742,1.702195369,Mega
88.0,25.62127221,4.608967452,Mega
54.0,11.11754521,2.865084871,Nano
31.0,7.682984504,1.443827375,Nano
10.0,3.986323355,0.030038227,Macro
83.0,28.35233604,3.111934148,Macro
43.0,18.68496658,1.243232714,Nano
20.0,0.34573089,0.787325148,Micro
46.0,19.57509597,4.310967846,Macro
25.0,7.100091534,1.5936932,Macro
93.0,33.05945096,5.78929841,Micro
93.0,32.53845535,5.331902545,Macro
35.0,14.30888641,1.266797266,Mega
58.0,20.50407599,3.431358073,Mega
15.0,0.233438486,0.44392485,Micro
43.0,14.86636304,1.188064861,Micro
40.0,18.378401,1.320080106,Mega
43.0,13.99501231,0.845058595,Nano
64.0,25.90099361,4.113418096,Macro
92.0,32.50731066,6.995889112,Nano
11.0,3.634930909,1.388209091,Macro
67.0,23.74360068,2.231237256,Micro
51.0,20.1474308,4.116821554,Nano
46.0,18.54842127,2.45558294,Nano
40.0,5.283799574,0.056516876,Nano
55.0,21.06207556,3.82003968,Micro
14.0,5.736636694,1.232054121,Macro
15.0,2.797290618,4.83886776,Nano
85.0,27.47012019,5.023978417,Nano
89.0,39.10625599,8.950138985,Macro
66.0,34.39442709,3.764872969,Mega
87.0,36.78144812,5.944544971,Micro
25.0,7.340897283,3.250947615,Micro
87.0,34.45287378,5.827060764,Mega
21.0,9.169823519,0.067278862,Nano
94.0,30.97274726,3.950369298,Macro
30.0,4.328535678,0.477257281,Micro
14.0,4.643175727,0.637375788,Micro
55.0,19.95572923,5.245123382,Micro
48.0,10.37404092,2.612899858,Micro
28.0,15.02799004,2.260928448,Nano
80.0,32.87300062,3.930685527,Macro
32.0,5.58329736,1.811827945,Mega
21.0,3.580580052,0.165207857,Macro
80.0,27.73499051,5.223389145,Nano
38.0,14.03210293,0.298856444,Macro
30.0,13.41725958,6.440215299,Micro
81.0,27.47028369,1.607618125,Micro
59.0,19.34086431,1.602340512,Micro
21.0,2.93712643,1.585800545,Macro
72.0,26.93997283,2.332437144,Macro
96.0,36.92625445,8.933148973,Micro
75.0,19.52474885,2.011565642,Micro
69.0,12.36276951,1.544761417,Micro
95.0,27.60890998,5.965674717,Micro
85.0,27.11256453,5.223855748,Mega
55.0,16.34726096,1.401877027,Micro
54.0,16.17955891,2.089970315,Micro
77.0,27.55608572,7.176764184,Mega
59.0,20.68293062,1.912705682,Nano
63.0,19.33340894,6.70398406,Nano
68.0,32.64512772,3.405064622,Nano
23.0,15.98558312,6.713201271,Macro
62.0,13.68365047,2.722705333,Micro
100.0,28.65671877,3.518439608,Macro
98.0,30.95609029,8.511028129,Micro
48.0,23.00852362,0.325432503,Micro
55.0,16.935831,6.276924491,Mega
99.0,28.76670512,5.585103137,Macro
74.0,21.99112418,0.877580707,Micro
41.0,14.81924744,6.158927918,Nano
70.0,23.02194895,8.345155386,Micro
61.0,9.879165582,1.436028111,Nano
83.0,23.74402735,3.853397609,Macro
77.0,25.46734474,1.829690923,Mega
89.0,27.81948029,5.228492402,Mega
14.0,3.492288507,1.662926385,Micro
35.0,16.58991748,2.529490549,Mega
96.0,37.6626967,6.313926027,Macro
86.0,40.5572006,3.490643013,Micro
13.0,2.584810224,0.337156459,Nano
31.0,12.22596591,0.397207276,Macro
56.0,20.84734986,4.647692649,Mega
44.0,14.63163885,0.635238342,Nano
37.0,8.823525102,3.405839489,Mega
90.0,28.16502069,6.91914746,Mega
67.0,32.88272902,3.497704311,Nano
53.0,24.63674178,3.396340616,Macro
51.0,16.1902616,7.97216452,Mega
14.0,2.359354088,1.141379612,Micro
44.0,20.73054448,7.469616948,Micro
57.0,17.94192007,3.090308169,Mega
72.0,26.44800535,3.509245812,Micro
23.0,9.024577462,3.276219428,Mega
45.0,25.54478363,4.020040406,Mega
23.0,16.62502162,0.612275984,Nano
84.0,22.23462227,4.066662577,Mega
81.0,29.25634134,6.17428655,Mega
50.0,9.960473773,0.904872702,Micro
26.0,12.88857643,4.686955087,Micro
50.0,11.75894464,0.697241088,Micro
95.0,25.72170247,3.653918832,Micro
62.0,17.83636305,3.980693917,Micro
72.0,22.66567386,5.289217664,Micro
50.0,21.86344116,5.987261805,Nano
65.0,13.28316032,1.042497914,Nano
90.0,33.54395616,7.805689746,Nano
71.0,21.68478521,4.362889043,Mega
45.0,14.29397472,1.906690103,Macro
31.0,13.19716034,2.334421349,Nano
11.0,7.322336297,1.174883484,Micro
41.0,11.74088996,1.639608836,Mega
92.0,29.64528436,2.641853177,Macro
34.0,12.36083061,5.470915563,Mega
50.0,15.52955419,0.660165772,Nano
20.0,14.14182146,1.024806177,Macro
43.0,13.56684889,1.31683429,Nano
75.0,27.69457686,6.330322063,Mega
41.0,10.00619167,2.910335869,Mega
45.0,11.70794329,3.509534146,Nano
21.0,7.046414004,0.056054843,Macro
86.0,27.14817277,4.409399375,Nano
90.0,32.71166164,4.755053057,Micro
63.0,23.04076574,5.078547759,Micro
45.0,16.92875024,0.551052977,Micro
80.0,32.53584218,4.741996361,Micro
24.0,10.79356441,2.557924297,Mega
76.0,21.01323375,3.657839506,Micro
50.0,29.05558455,6.136696879,Macro
59.0,28.88785755,5.388404394,Micro
46.0,8.066799135,0.508134517,Micro
65.0,23.57866143,2.856656795,Mega
58.0,14.39177935,1.226266329,Micro
34.0,6.795985626,5.336991084,Macro
21.0,8.648684909,6.921289406,Nano
23.0,0.841225477,0.663195999,Mega
58.0,22.8094174,6.16708512,Nano
99.0,34.51295267,4.817666841,Macro
11.0,15.25965583,1.938091205,Micro
60.0,16.09839899,2.896231565,Nano
46.0,6.828532561,4.305234817,Macro
15.0,6.44424657,3.416422707,Macro
49.0,24.87104934,5.036281432,Nano
46.0,14.19276133,5.080543358,Micro
60.0,22.0455874,0.180601963,Mega
95.0,26.64284202,6.894241261,Macro
92.0,36.2813941,7.693023889,Mega
44.0,11.90949864,3.863594664,Mega
99.0,37.95497728,3.772530977,Nano
46.0,22.09302415,3.789152807,Macro
61.0,27.24136991,4.250422344,Nano
36.0,10.86043151,0.898713087,Micro
100.0,39.52324828,9.351920567,Micro
28.0,12.1401328,5.189186344,Macro
18.0,9.845450771,3.252628408,Mega
52.0,9.837592493,2.080182174,Macro
83.0,37.71626504,4.007700088,Macro
68.0,26.99061065,2.552594587,Macro
70.0,17.89838701,2.524896129,Micro
50.0,21.17480421,4.486404533,Macro
48.0,18.08395137,3.041877866,Micro
15.0,13.56012868,3.317589703,Mega
76.0,28.58653295,8.637168807,Nano
92.0,34.75861536,3.828845154,Nano
25.0,1.833772485,1.466704533,Macro
61.0,16.13495534,3.038417797,Macro
86.0,30.72875275,3.691274704,Macro
11.0,0.491153398,1.505058922,Micro
67.0,23.6283028,4.805357168,Mega
85.0,29.91287893,5.690365858,Nano
55.0,10.8373,2.078602242,Micro
29.0,12.05821148,2.638573422,Nano
34.0,0.226326491,2.372705624,Nano
51.0,20.12090649,3.424064454,Nano
35.0,16.17611461,2.801679964,Mega
70.0,22.9508713,5.688322892,Mega
21.0,11.16659227,1.464148126,Macro
49.0,15.4419208,0.064057634,Mega
11.0,0.401648899,1.160768013,Nano
32.0,0.084174691,0.64327624,Mega
31.0,8.843924649,0.104810858,Micro
19.0,12.66996639,1.461187917,Mega
81.0,24.06207496,1.540092049,Nano
14.0,17.13933034,1.23397456,Mega
44.0,19.87737672,2.927407367,Mega
32.0,10.83204359,5.108585918,Mega
54.0,26.81127265,7.62812867,Mega
21.0,2.669395217,1.602543732,Nano
31.0,16.8762305,1.04950058,Macro
96.0,32.60250268,0.539458042,Micro
46.0,12.8045883,0.403183606,Macro
79.0,21.06477438,7.17742182,Micro
100.0,39.30321723,7.077221972,Micro
20.0,14.68531892,2.331899828,Mega
70.0,18.75537671,4.499500158,Micro
61.0,27.20162635,6.320749317,Nano
47.0,10.45375486,0.938999298,Nano
70.0,24.30970927,2.404004508,Mega
17.0,9.736331095,0.598563708,Micro
84.0,27.30421498,6.617741832,Macro
21.0,1.505943316,2.438904189,Mega
58.0,18.24844637,0.464631537,Macro
28.0,8.992457813,3.349611025,Mega
60.0,23.53730258,4.940351212,Micro
100.0,38.47062883,5.793620023,Macro
91.0,30.72941231,8.1039854,Nano
63.0,21.84654391,2.64241023,Macro
18.0,8.477135293,0.608817354,Mega
40.0,14.40248296,2.874709242,Micro
62.0,17.0374692,1.778592176,Mega
45.0,10.97413389,0.165895992,Macro
89.0,36.77792785,3.933795213,Micro
33.0,16.56795456,3.220240342,Nano
78.0,23.73785644,7.551389095,Nano
72.0,29.09432783,4.46136209,Macro
16.0,5.765646389,1.595524725,Micro
36.0,14.41288029,3.113926336,Mega
72.0,30.36493938,5.110394334,Mega
13.0,9.237764567,2.409567204,Mega
47.0,17.98768499,4.832000332,Mega
34.0,20.27248327,4.340842223,Mega
65.0,22.56391988,7.395603642,Mega
59.0,10.57227241,0.978358792,Macro
20.0,7.325061924,1.587892055,Nano
14.0,7.442168644,1.954879928,Micro
58.0,20.92488055,6.059807429,Micro
93.0,30.45012602,2.841142764,Nano
75.0,32.98398494,5.622825529,Nano
53.0,24.25593991,3.567089593,Micro
53.0,19.36161231,1.654827873,Nano
88.0,26.89087788,5.091676018,Mega
17.0,10.32892552,0.22490442,Micro
78.0,28.7304925,5.352241057,Macro
78.0,23.80959139,1.915047092,Nano
25.0,3.894421609,1.756190542,Micro
44.0,12.6133501,2.000279606,Micro
47.0,27.98651144,5.474037323,Macro
100.0,25.97867746,3.80746456,Mega
56.0,16.82069081,2.86187438,Micro
26.0,4.949507518,0.508675133,Macro
24.0,7.544702793,2.339837083,Mega
49.0,7.870960618,4.867663371,Micro
69.0,22.99736022,5.937954803,Macro
99.0,35.34863664,3.077833251,Micro
35.0,7.820341463,0.16292609,Micro
10.0,3.493645464,0.455395626,Nano
93.0,29.30608808,2.303326934,Micro
62.0,29.39688348,4.153702921,Nano
95.0,25.54636769,1.963490079,Micro
46.0,17.79013454,4.117631989,Micro
96.0,27.15106798,3.544254764,Macro
63.0,21.7928057,0.393588978,Nano
17.0,1.161547765,0.126207259,Nano
33.0,16.10664487,0.423792124,Mega
41.0,6.723993053,2.762772605,Nano
69.0,20.31132319,2.926078332,Macro
85.0,34.1858967,3.882799492,Macro
11.0,4.512800943,2.2934618,Nano
65.0,17.07409018,1.832808412,Micro
35.0,9.497455756,2.826741899,Macro
55.0,16.4816156,3.267172118,Macro
94.0,30.87615447,7.201351187,Nano
35.0,14.82454522,1.765247886,Nano
28.0,18.40492335,2.688172679,Nano
29.0,6.870957676,0.228259393,Mega
48.0,12.10869182,0.745238723,Macro
97.0,34.03091596,4.107471029,Mega
81.0,36.01062277,9.307983043,Micro
46.0,15.73424826,3.670681166,Mega
94.0,27.08974013,1.867946948,Nano
54.0,12.96108964,2.336084992,Micro
50.0,15.86048486,2.900916224,Nano
84.0,27.93352343,3.978525877,Macro
16.0,10.08901804,1.471514796,Nano
35.0,11.70660872,1.951565452,Macro
74.0,28.296297,5.03540586,Nano
84.0,25.52112396,6.982196583,Micro
85.0,28.16013453,5.626379201,Micro
73.0,33.44696021,5.205860619,Mega
25.0,8.466518679,0.64854834,Mega
88.0,23.86766113,5.853575844,Micro
48.0,14.59080695,0.457234705,Mega
26.0,12.59696072,2.103348433,Micro
81.0,32.00621358,5.572236777,Nano
17.0,1.437546273,0.175893869,Nano
51.0,19.80563998,1.57626412,Macro
41.0,18.82047294,2.036738638,Micro
10.0,6.492418979,1.307754019,Micro
19.0,5.455547294,1.025903363,Nano
84.0,23.97771882,4.967358267,Micro
28.0,9.969769741,5.801150248,Macro
98.0,34.89357897,6.591226551,Nano
36.0,11.45063644,0.383865663,Mega
77.0,31.94357839,4.004854458,Micro
80.0,18.78109394,4.054434455,Micro
90.0,14.39599154,0.895646184,Nano
77.0,27.15924867,6.883559609,Nano
73.0,17.20243034,5.265145607,Mega
53.0,14.34088963,1.005351601,Nano
44.0,16.91203429,4.034660177,Macro
44.0,17.26939778,4.424545391,Micro
43.0,9.48733807,1.971801126,Mega
78.0,35.56822382,2.832450089,Macro
42.0,10.5955477,2.411606792,Mega
33.0,5.338710726,2.31694426,Macro
78.0,15.73486797,0.509432226,Macro
72.0,25.9071224,4.715780067,Micro
49.0,11.1856596,1.117540683,Nano
80.0,34.56254581,6.122002938,Macro
38.0,19.20198497,2.827452097,Mega
55.0,24.07212451,5.369232218,Macro
80.0,25.7239637,4.586275674,Mega
38.0,7.908774227,0.143314224,Micro
20.0,13.07810577,0.249820404,Mega
63.0,24.33760554,3.647264547,Mega
74.0,29.20318144,5.343637998,Mega
62.0,23.55330281,5.89293156,Macro
97.0,38.17272809,5.546782045,Micro
43.0,11.96907259,5.149783609,Macro
26.0,11.36433328,1.521586172,Macro
51.0,18.27354261,4.86975182,Nano
45.0,23.88271762,3.316917257,Nano
55.0,18.58636671,2.324645797,Mega
61.0,15.96956521,1.950999733,Macro
60.0,17.8876588,4.215976155,Macro
48.0,15.19533858,0.735757833,Nano
29.0,20.19454619,4.263712907,Macro
15.0,3.49629277,3.055316636,Mega
10.0,5.592288963,1.396276425,Mega
56.0,14.65286853,2.096605189,Mega
36.0,19.40384887,3.950262553,Micro
21.0,2.126632572,1.771582974,Micro
46.0,12.45429943,2.053708325,Mega
30.0,6.374571472,2.643270095,Mega
21.0,5.935557327,0.186156177,Macro
33.0,6.308065519,2.636176178,Macro
14.0,6.167699608,0.901902768,Nano
37.0,2.828972458,4.556701242,Micro
98.0,25.83842228,6.986829858,Micro
13.0,4.418317603,0.015489152,Nano
19.0,0.194576476,1.235674585,Mega
11.0,7.374947508,3.609159259,Nano
96.0,34.09118325,6.356479674,Nano
85.0,22.85941276,7.506443292,Nano
29.0,14.64521424,3.724788505,Macro
40.0,13.32266602,2.613952248,Micro
80.0,27.51236249,1.032765641,Nano
42.0,7.277728631,0.277136782,Macro
31.0,6.304845298,0.802279711,Micro
40.0,21.84297247,4.621465773,Micro
65.0,23.29031005,7.389827731,Mega
70.0,23.98839121,3.972950181,Micro
79.0,26.4735364,7.295709647,Macro
42.0,19.99560462,4.136097691,Macro
36.0,0.066122663,0.947359723,Micro
20.0,12.30120609,1.12340663,Mega
84.0,26.01281569,3.027266611,Macro
99.0,29.46090412,3.652058045,Nano
31.0,18.12941166,3.425164997,Macro
87.0,36.25456287,5.905905777,Macro
35.0,6.464550157,1.375936383,Mega
18.0,14.46110551,2.347338423,Mega
19.0,2.386864323,0.60145585,Micro
95.0,33.32069261,3.488541517,Macro
45.0,19.26995186,2.34568982,Micro
47.0,12.13185864,2.877687142,Macro
92.0,27.35483097,6.16496891,Mega
90.0,25.22566644,3.061937926,Micro
91.0,26.28625575,6.917554923,Micro
47.0,2.014777418,1.070821747,Nano
92.0,29.33152301,8.145979085,Nano
99.0,41.96460607,9.476641246,Mega
40.0,17.33275169,0.428533543,Macro
67.0,15.84387923,0.274847731,Micro
27.0,11.58423742,2.547683061,Macro
75.0,28.80884454,6.73194589,Mega
28.0,11.42209084,0.986710374,Mega
29.0,9.487993613,0.250432849,Micro
15.0,8.240898541,4.207676862,Nano
64.0,25.82704983,5.193276624,Macro
18.0,8.61923361,0.380371928,Mega
10.0,1.179966599,0.939788674,Mega
82.0,23.77536877,3.16266164,Macro
58.0,16.22488015,3.386847875,Mega
95.0,24.08392299,3.537059462,Micro
32.0,9.28981776,1.167053883,Mega
31.0,7.047015203,4.181179206,Nano
17.0,9.739491458,3.319238042,Nano
28.0,10.37265122,2.055377225,Macro
22.0,3.268480628,0.009526957,Macro
34.0,5.161887001,0.592363282,Macro
68.0,14.02880622,1.276217736,Nano
88.0,25.78893457,5.871907356,Mega
24.0,5.369133391,0.821603124,Macro
92.0,28.84839121,2.581624373,Micro
26.0,2.411407696,1.128846504,Mega
58.0,18.8625911,7.744558511,Macro
56.0,15.92090337,0.310011712,Micro
48.0,15.83963977,5.286098271,Mega
82.0,31.27216356,7.156201274,Mega
16.0,6.717837678,2.14724259,Micro
49.0,20.77180963,3.689627871,Nano
100.0,30.43535718,5.012795155,Mega
92.0,30.33052366,6.592402221,Macro
36.0,3.478911133,1.239673052,Mega
69.0,23.3830835,6.09007978,Macro
36.0,6.743957107,1.708179361,Micro
47.0,19.3125584,0.574250311,Nano
61.0,28.09411494,4.630805282,Mega
13.0,5.039607861,5.038277048,Macro
20.0,9.578543177,2.141996655,Mega
45.0,12.66662023,1.415740851,Nano
46.0,8.763920379,8.357128383,Micro
25.0,4.097286683,2.29020686,Mega
86.0,29.45326416,4.046313063,Nano
31.0,7.919849465,0.075237086,Mega
40.0,18.44826657,2.240236875,Mega
55.0,20.1870126,5.001959098,Mega
89.0,29.55612297,6.364723126,Macro
98.0,30.10192414,6.11314931,Nano
49.0,17.4557372,3.492273273,Macro
87.0,29.32736229,1.618873632,Nano
47.0,23.26848576,1.478256831,Nano
50.0,18.90277978,0.953107406,Macro
55.0,12.37094913,0.918581511,Micro
55.0,26.77262827,6.89508981,Mega
75.0,22.3029843,5.177042419,Macro
65.0,23.37873921,0.496559529,Mega
17.0,5.915589549,3.679589765,Nano
79.0,23.51057067,2.188926056,Macro
29.0,12.99586641,0.270843681,Nano
53.0,25.04916044,6.471099083,Mega
98.0,33.39717323,7.286840033,Mega
42.0,6.409452082,3.61896382,Mega
22.0,13.1533711,3.584616882,Nano
18.0,15.43683719,1.949948939,Mega
65.0,24.56354623,3.41966808,Macro
13.0,1.825468861,1.445952711,Macro
10.0,9.848337664,3.852180825,Micro
89.0,31.06459542,6.00634362,Mega
48.0,17.88145952,0.076059762,Macro
42.0,11.95627229,1.748785255,Micro
82.0,27.64758545,5.611221835,Macro
81.0,24.53215154,5.363193035,Nano
75.0,30.08100939,6.303425067,Nano
70.0,23.80856837,3.766603039,Micro
71.0,17.14796237,3.407461351,Macro
10.0,7.085628089,0.620930871,Nano
52.0,16.26671791,3.204358716,Nano
54.0,17.88647662,2.236199275,Mega
34.0,8.35330882,0.260972544,Micro
60.0,19.08371682,2.884634332,Nano
77.0,17.33138261,0.414472802,Micro
68.0,17.30522246,3.579885761,Micro
30.0,11.26567713,0.144117014,Mega
79.0,30.0181942,4.184199312,Micro
88.0,34.00584879,5.99737,Mega
97.0,35.16687525,5.677768967,Mega
67.0,16.70537458,2.657607685,Macro
33.0,21.08177132,1.295927415,Nano
38.0,9.479729844,0.386659582,Mega
31.0,9.246981499,2.709764692,Mega
78.0,30.11726533,3.357794085,Macro
41.0,15.88644602,2.913410175,Mega
74.0,26.3268719,0.204875336,Macro
56.0,22.46814636,3.369146029,Nano
80.0,27.53148648,8.330084621,Nano
31.0,9.926309363,2.270709178,Macro
54.0,12.49816459,1.463925159,Micro
68.0,30.35777737,4.303529107,Macro
97.0,32.81499473,6.469135436,Mega
75.0,20.14218343,5.76350789,Macro
81.0,31.38218949,7.024130677,Macro
30.0,15.5239034,2.819391995,Macro
21.0,13.85032361,2.900443085,Mega
82.0,28.75451711,1.621090004,Mega
59.0,13.95053433,0.174759871,Micro
49.0,10.06762616,1.729667405,Macro
62.0,14.94979109,0.274450752,Macro
58.0,28.44384156,6.105705139,Nano
37.0,4.539363375,0.807812497,Mega
33.0,13.92505939,3.029450851,Micro
68.0,20.85748443,5.305812168,Nano
30.0,19.17715593,3.393101262,Nano
23.0,4.290951161,0.999133071,Macro
23.0,6.115897898,2.00102528,Micro
51.0,12.40064246,0.276897522,Macro
97.0,28.72454528,6.334771996,Mega
28.0,7.109081754,0.272962785,Macro
81.0,22.06361159,2.2942489,Micro
95.0,30.79811267,4.432037098,Macro
22.0,12.20577282,0.209628861,Macro
87.0,28.65521764,4.32703635,Mega
57.0,18.0141482,1.533416779,Nano
95.0,33.70899235,4.448986898,Nano
89.0,28.02612122,3.15244949,Micro
21.0,9.687797959,3.394478002,Nano
59.0,13.04265832,1.123624456,Mega
12.0,0.683476114,0.765877712,Micro
50.0,22.48656303,4.686640068,Macro
38.0,10.73453527,0.51088457,Nano
16.0,3.886887275,1.722977656,Mega
95.0,37.64117276,4.268640845,Mega
72.0,20.22131618,6.062822259,Macro
17.0,6.933958113,1.745695372,Macro
43.0,10.50127161,0.545957832,Micro
20.0,4.73382989,3.521101635,Macro
97.0,27.51449463,5.63036929,Mega
93.0,34.37118742,6.494090329,Micro
98.0,31.2897755,4.623306125,Nano
42.0,9.080773683,3.203523671,Nano
26.0,0.205639537,3.980317771,Mega
68.0,23.84490026,1.673252591,Nano
48.0,16.38246157,4.722281354,Micro
43.0,27.20006849,8.702652377,Mega
75.0,25.27194402,7.717105296,Nano
90.0,34.618359,4.361735086,Nano
24.0,11.88643795,1.558209074,Micro
59.0,23.06216322,2.518604614,Micro
100.0,43.76069372,6.420970623,Nano
21.0,6.753057335,1.970540402,Macro
74.0,28.1170026,5.894168882,Micro
44.0,12.23972705,3.772519962,Micro
90.0,32.26545634,5.473180079,Micro
27.0,14.02210263,1.088194757,Nano
49.0,15.44552256,0.062410122,Mega
66.0,18.90171732,4.247814704,Micro
44.0,26.10580982,5.549674314,Micro
23.0,6.621635323,0.113631173,Mega
54.0,18.49857849,2.407925531,Nano
18.0,6.498471407,1.634970554,Nano
95.0,39.3614212,6.182300153,Macro
27.0,9.235845656,2.963209488,Nano
24.0,23.86128886,6.666099409,Macro
59.0,16.84366435,1.582101781,Micro
85.0,25.24181707,5.969538042,Nano
88.0,37.96929695,4.739682162,Macro
62.0,26.58627729,4.520665601,Micro
24.0,12.79967154,0.04924696,Micro
50.0,16.96804126,3.494945946,Mega
19.0,1.49019226,1.485684144,Micro
74.0,22.36140177,2.046320049,Nano
48.0,12.5319978,1.825444389,Micro
76.0,28.33102033,5.703993932,Micro
94.0,40.3813996,5.407997745,Macro
64.0,20.50457042,4.530971142,Micro
26.0,17.17752921,2.97097749,Nano
54.0,22.45001505,3.389499568,Nano
66.0,24.66717022,6.205361221,Mega
25.0,10.69837915,1.359456063,Mega
23.0,7.956173782,0.912076126,Nano
85.0,29.50102223,2.518222112,Mega
50.0,13.83946774,1.042655278,Micro
22.0,15.12646596,3.792188111,Nano
25.0,12.01841398,4.143639285,Macro
42.0,14.75288398,5.193192475,Mega
60.0,22.35372075,0.940801841,Mega
27.0,14.12523976,0.417048422,Mega
38.0,12.36743196,2.412970462,Micro
69.0,26.89374417,4.596614853,Macro
68.0,11.14928351,3.602205534,Mega
65.0,26.21705634,5.481302028,Macro
64.0,14.11271658,3.313544954,Nano
32.0,9.445032076,0.904710414,Nano
64.0,26.89935681,7.413317734,Nano
12.0,3.556576557,0.360014914,Micro
50.0,15.36043208,7.610970713,Micro
34.0,10.67476314,3.993121151,Micro
36.0,8.338703112,1.45363758,Mega
43.0,24.20995844,7.407487893,Micro
99.0,37.12787724,3.057987485,Macro
88.0,20.58313089,3.181661603,Macro
13.0,1.939074125,0.715073864,Macro
64.0,13.13494165,2.703723754,Micro
51.0,17.13094247,3.601388974,Macro
91.0,24.92555148,4.999090743,Mega
68.0,16.41037116,3.082835585,Macro
52.0,19.83234262,1.810460465,Macro
50.0,16.68128451,1.258518049,Nano
90.0,29.94190176,8.348998109,Mega
46.0,15.22052675,5.422181754,Nano
77.0,26.93238832,1.123163783,Mega
26.0,1.995924359,0.167337894,Nano
50.0,18.73230444,2.183080952,Mega
99.0,27.32209399,2.769970013,Macro
59.0,11.79531244,5.28554619,Macro
73.0,18.81071051,3.011655016,Macro
82.0,23.57063476,5.577005503,Mega
42.0,8.922966385,2.254832178,Nano
44.0,15.83934271,0.993123152,Micro
14.0,1.304559995,2.523884417,Mega
70.0,21.43851856,5.708104984,Mega
81.0,27.93114808,4.88405347,Micro
64.0,17.61714144,5.116676896,Micro
28.0,11.74288588,1.545790536,Nano
67.0,22.05171417,3.380999278,Mega
61.0,22.40469773,6.194422557,Mega
48.0,12.33661999,1.217325392,Macro
72.0,19.46438929,1.767531142,Nano
54.0,25.98585962,5.632778725,Macro
36.0,11.33544306,0.147556766,Micro
20.0,8.995115117,0.684036129,Macro
32.0,11.52414895,2.566791358,Mega
77.0,21.62079765,3.571579662,Nano
79.0,31.03149745,0.39838658,Macro
50.0,22.72817663,3.794120277,Mega
49.0,15.61022141,3.431273747,Mega
32.0,13.33536154,2.344050692,Nano
57.0,17.26553001,3.183217517,Mega
79.0,23.13587607,1.40636985,Nano
38.0,18.66475844,3.68182399,Mega
73.0,25.82738523,6.636373592,Macro
66.0,30.51105176,2.625733254,Micro
74.0,16.85524707,4.161090186,Mega
25.0,17.80623496,2.724311667,Micro
16.0,1.871599257,1.877711405,Macro
46.0,3.159829936,4.261809686,Nano
44.0,16.60931402,5.15906663,Mega
81.0,25.70916199,5.579523367,Nano
42.0,15.8073374,3.194924641,Mega
21.0,7.771726602,2.075967643,Micro
67.0,16.09668684,1.386043169,Macro
59.0,19.83461673,7.641127922,Nano
72.0,30.02854198,7.25837797,Micro
47.0,19.42239584,3.602285923,Macro
13.0,3.597244019,5.441006056,Micro
30.0,11.03989483,0.224889558,Micro
30.0,14.79008358,4.56781832,Macro
63.0,12.93722066,3.647490817,Macro
94.0,33.27375618,5.605628024,Nano
86.0,25.26070742,6.765663894,Nano
32.0,21.47726978,3.45746956,Macro
64.0,23.08148805,3.056298128,Macro
18.0,7.291955516,2.317959067,Micro
99.0,29.65963013,7.73038091,Micro
93.0,25.28514889,2.805839643,Macro
73.0,31.85438735,5.430961826,Mega
23.0,6.674391648,0.15301899,Nano
79.0,23.67214647,2.209946727,Micro
96.0,37.19547402,8.66657884,Macro
64.0,12.6264151,1.734419715,Micro
64.0,21.4781953,7.187973139,Nano
72.0,8.623786376,2.562239937,Micro
97.0,23.98940195,4.887500214,Mega
51.0,20.08311019,3.352908382,Macro
79.0,23.39125587,5.083688528,Nano
68.0,29.19533041,8.045763533,Nano
51.0,24.16107957,4.792641558,Nano
35.0,7.868479803,0.06731754,Mega
32.0,5.471955572,0.672964457,Micro
72.0,20.74214379,4.946222913,Micro
14.0,7.388485707,0.120490397,Mega
33.0,20.81105562,4.438582726,Mega
95.0,38.05125413,3.180587039,Micro
97.0,42.19441845,5.549949955,Mega
48.0,20.83411647,0.539190245,Micro
54.0,10.86707292,2.932960829,Nano
25.0,9.973957511,0.673025333,Mega
20.0,6.660924603,0.657145317,Nano
93.0,26.97803866,6.000294191,Nano
49.0,15.75874251,1.621958375,Macro
20.0,12.35406098,4.3558596,Macro
91.0,27.36025947,6.603772501,Micro
21.0,17.19214314,1.894452133,Micro
33.0,11.24753148,4.786842033,Micro
38.0,9.437711713,4.377587812,Mega
57.0,20.46156446,5.264913626,Micro
80.0,18.86747737,2.041285539,Nano
24.0,7.16376032,3.215148198,Micro
35.0,14.1368135,1.571675673,Mega
76.0,26.19267329,4.127600897,Macro
50.0,23.18930833,2.019916653,Micro
80.0,23.62942306,4.262442573,Macro
40.0,8.854991222,0.149939278,Mega
28.0,7.515169009,1.384553635,Mega
51.0,24.00692574,4.152022007,Nano
67.0,24.13761593,5.573093351,Mega
88.0,31.64818367,2.021944599,Nano
34.0,10.92058269,1.175521194,Nano
94.0,35.77368976,2.094505692,Nano
65.0,15.6978375,3.011898971,Mega
84.0,34.98456952,11.26042983,Macro
86.0,26.40369544,3.431076806,Macro
55.0,20.04545281,3.068510586,Macro
46.0,14.71086338,0.961338138,Mega
78.0,27.18067734,3.462775387,Mega
32.0,14.80241086,4.810377057,Nano
62.0,29.01072891,3.913406431,Macro
56.0,21.02285901,3.664076004,Nano
38.0,12.95360781,3.856301336,Micro
58.0,19.31265786,7.152376619,Macro
15.0,6.603955904,0.332433523,Mega
92.0,31.4612923,1.744870623,Micro
40.0,13.56691537,3.323877768,Mega
43.0,28.08376176,4.45708679,Mega
53.0,25.16287834,5.689885638,Micro
27.0,0.815585276,3.082830489,Micro
26.0,3.205844812,1.792202945,Macro
69.0,23.29045109,5.671686076,Mega
16.0,2.724758095,1.03482819,Micro
13.0,11.97337764,0.12416714,Mega
26.0,0.494669658,3.307763278,Macro
41.0,14.36171426,2.625772385,Mega
26.0,11.43091748,1.637087299,Nano
70.0,20.26713398,5.456285569,Mega
93.0,31.24781296,7.63806843,Macro
19.0,0.388590647,0.255873313,Micro
53.0,15.78634705,1.018862371,Macro
22.0,6.387047153,1.980000334,Mega
97.0,31.41745386,4.01690321,Nano
69.0,23.88586038,2.516655365,Nano
79.0,17.94459692,2.623383499,Macro
77.0,28.85380575,6.217753837,Micro
50.0,15.08427868,0.47441555,Macro
44.0,10.55719558,7.345437512,Micro
65.0,23.25107396,2.460484219,Micro
75.0,26.57604552,6.141799337,Macro
53.0,19.3744916,0.211224076,Macro
20.0,7.518263983,1.381464824,Nano
46.0,15.63311408,2.681854353,Micro
55.0,16.18407556,3.600790314,Mega
79.0,20.55638571,2.57738922,Macro
36.0,17.57188246,1.500329303,Nano
23.0,10.70057023,0.582369459,Nano
34.0,9.997653399,3.082762553,Micro
35.0,5.785759307,3.368526918,Mega
74.0,22.44968986,0.305109692,Nano
45.0,6.134131482,2.619106545,Macro
47.0,14.59516994,0.573235814,Nano
80.0,24.53154648,5.517524789,Nano
73.0,15.85081095,3.055215876,Mega
34.0,13.051953,2.381356122,Macro
24.0,10.62179399,1.086533803,Macro
19.0,5.263205766,1.251405937,Mega
22.0,11.78493468,0.009092532,Nano
97.0,33.35293523,5.652608391,Macro
44.0,11.07570616,3.220120781,Mega
87.0,38.17605375,6.963602725,Mega
64.0,26.08926355,6.297890399,Nano
90.0,32.32648182,5.609706527,Mega
78.0,18.1590474,4.246496176,Mega
98.0,34.15632865,6.982952679,Micro
41.0,9.556845464,1.356011738,Micro
95.0,28.5315743,5.572196695,Mega
32.0,10.99662027,0.740323295,Micro
87.0,37.93348578,7.081628466,Macro
72.0,27.98561722,6.255029335,Micro
37.0,11.42740433,0.01459412,Macro
21.0,3.108359667,1.361972659,Mega
93.0,27.81154194,4.878628858,Macro
72.0,24.68121877,6.002450357,Nano
74.0,27.15731801,4.948756954,Nano
57.0,21.06609239,1.367707729,Mega
31.0,10.42479883,3.18139857,Mega
87.0,27.02176623,1.799590879,Micro
85.0,29.82247184,7.304243425,Nano
25.0,11.1329506,2.882927209,Nano
36.0,7.870507587,1.157604556,Mega
25.0,0.981140161,1.377660378,Nano
24.0,12.01662106,2.06448085,Nano
76.0,30.18229439,4.016900096,Macro
66.0,20.15441348,3.50221048,Micro
99.0,36.72156196,7.917322224,Nano
72.0,26.13477794,2.501086045,Mega
62.0,15.96713564,1.18040903,Macro
100.0,30.05731411,6.120963746,Micro
68.0,21.07696395,1.240824206,Macro
94.0,47.11629339,9.322957802,Micro
61.0,18.08794359,3.124233649,Micro
16.0,17.75660719,4.547851426,Micro
21.0,1.551312742,0.198567755,Nano
19.0,8.953284733,3.287141653,Nano
30.0,17.31812448,0.263189631,Macro
91.0,23.74340747,6.509060472,Mega
65.0,12.40162472,4.215878847,Macro
61.0,27.02285841,2.95767597,Macro
63.0,22.81607513,4.717042117,Nano
71.0,28.25480021,4.399195778,Macro
93.0,29.0064675,5.653696785,Macro
22.0,11.58937865,1.27196986,Macro
40.0,8.209850573,5.633470777,Macro
56.0,11.62903347,6.679102573,Nano
21.0,16.05653873,3.539863843,Micro
35.0,1.593057415,2.974800702,Mega
13.0,8.077501591,0.013230147,Nano
82.0,23.43478708,5.914866129,Micro
59.0,25.19640177,3.404124993,Macro
61.0,22.23934576,8.19479117,Macro
58.0,9.560125465,1.010489382,Micro
74.0,26.11537916,5.268664251,Nano
51.0,11.85768831,0.976363129,Mega
41.0,12.99793945,3.006704771,Micro
15.0,0.61637615,1.584732553,Micro
74.0,23.42012989,2.281383027,Nano
35.0,9.413349211,0.104001063,Macro
51.0,16.74509293,1.373291629,Micro
55.0,15.3353317,0.111007824,Macro
60.0,22.60144502,6.898288302,Macro
17.0,7.089038619,0.26723685,Micro
37.0,16.69619826,4.790839785,Micro
52.0,21.00550622,2.405095013,Micro
79.0,23.18345295,0.762159967,Nano
34.0,7.768529884,0.826269553,Nano
82.0,35.19842223,5.380117436,Mega
73.0,27.39787136,3.862178306,Mega
96.0,33.86314222,4.851667657,Micro
52.0,20.71245229,1.629664479,Micro
16.0,9.561229256,1.786776024,Micro
54.0,17.44304527,5.549219531,Nano
12.0,8.270664197,1.837365198,Micro
72.0,24.40263571,1.995127175,Macro
81.0,27.01392648,4.050401703,Macro
100.0,27.31829646,3.269504966,Macro
34.0,9.581611964,3.153043917,Nano
68.0,20.64660662,2.092461411,Nano
98.0,27.03638314,3.360608235,Mega
12.0,2.201477322,0.166173465,Micro
28.0,7.191053729,0.032587652,Nano
46.0,12.56388433,5.640950375,Macro
10.0,7.951313088,5.221649163,Mega
14.0,5.197856187,0.413965989,Mega
43.0,15.84401592,2.529435016,Micro
63.0,15.03362328,1.154492729,Nano
84.0,17.79784434,2.45772109,Mega
99.0,34.92092671,6.825080712,Nano
57.0,16.93276889,0.570012164,Mega
31.0,6.274391805,0.189037455,Micro
64.0,19.5644649,5.795215035,Macro
60.0,13.09853245,5.210825936,Micro
88.0,24.87143894,3.514416989,Mega
40.0,19.53033704,2.761218278,Micro
49.0,17.57987378,1.218985086,Macro
73.0,29.74053217,5.056047533,Macro
33.0,16.36099547,2.198071571,Nano
76.0,24.45854148,4.009270923,Nano
57.0,22.68934587,4.243392228,Nano
41.0,10.71151338,1.080983657,Micro
22.0,8.277327114,0.572917278,Nano
64.0,26.17395298,5.061944746,Micro
70.0,6.447448967,0.381426418,Micro
22.0,1.060644401,1.093882341,Macro
40.0,4.588934853,2.298753596,Mega
21.0,6.286843929,0.13183582,Macro
78.0,22.76786206,1.967175424,Macro
34.0,3.974176914,2.878866014,Nano
54.0,18.3171069,2.118813045,Micro
96.0,25.060946,8.261168242,Micro
74.0,17.41828715,0.483527663,Micro
23.0,4.523879459,3.658953779,Nano
21.0,2.438852131,2.350370592,Macro
54.0,19.40177699,3.531377136,Mega
63.0,17.25010011,0.87748155,Macro
78.0,36.40241947,5.322761087,Macro
25.0,7.787564905,1.171257249,Mega
86.0,27.73800583,5.293540405,Macro
27.0,17.84797223,3.732882382,Mega
80.0,23.9546322,3.203461356,Micro
87.0,28.93984477,4.558251395,Micro
83.0,20.72620775,4.608829289,Nano
23.0,14.39672785,3.09997532,Mega
38.0,0.857280644,0.218739353,Nano
67.0,18.30464111,4.895171905,Micro
75.0,31.22615523,4.872158084,Mega
55.0,20.83503638,3.654609898,Mega
95.0,36.90617957,5.525357936,Macro
50.0,16.66951578,4.302800082,Macro
19.0,7.174030772,0.31830096,Mega
14.0,3.047946161,0.998475322,Mega
31.0,6.168740958,1.04364922,Nano
74.0,15.5431867,1.502156333,Mega
82.0,27.87458605,2.319345751,Micro
56.0,18.73208697,5.045613626,Macro
82.0,33.96648288,9.127437448,Mega
79.0,31.05740864,3.806952761,Micro
64.0,13.46172084,1.849160984,Mega
66.0,15.01433754,3.656985086,Macro
13.0,14.2755592,2.329490869,Micro
38.0,10.83336646,0.830750887,Nano
43.0,22.07496465,3.662349016,Mega
80.0,22.22190231,3.18559577,Micro
54.0,27.807614,4.060781965,Nano
98.0,32.97063473,7.890909685,Micro
81.0,29.72285354,1.837938386,Nano
47.0,11.99797611,2.844788545,Nano
38.0,7.882629022,0.921557242,Nano
59.0,13.99472911,5.248399204,Micro
78.0,20.62100212,1.426906349,Macro
46.0,10.35752477,6.720744372,Macro
91.0,31.57090079,5.354754236,Nano
28.0,11.13920205,3.30620113,Micro
92.0,22.48136498,3.371126652,Nano
66.0,16.78678642,3.787461161,Micro
43.0,14.62315899,3.608015493,Nano
21.0,17.72849806,1.316670346,Micro
19.0,12.52181267,1.924052672,Micro
46.0,16.88243352,4.72763659,Mega
30.0,11.87771692,0.521646686,Nano
26.0,2.881749041,1.83033633,Nano
100.0,36.07233519,7.343767899,Micro
89.0,29.91788025,7.203811959,Mega
66.0,24.83128365,7.701144623,Mega
30.0,8.321674582,0.139613948,Micro
22.0,3.598474281,4.325620528,Micro
60.0,12.85900617,2.182885119,Micro
47.0,20.27755079,0.747904517,Macro
15.0,6.290858174,0.67851384,Mega
69.0,31.30100477,4.080001577,Nano
78.0,25.44110996,2.025284492,Mega
60.0,26.00435306,2.260037943,Mega
79.0,27.34613781,4.091102903,Nano
93.0,36.81227531,3.083608295,Mega
77.0,25.69736441,4.354449016,Macro
30.0,9.444382492,1.526273315,Mega
27.0,2.045585162,0.051933011,Nano
45.0,8.374998074,1.439268363,Mega
85.0,22.61804745,4.160026631,Mega
89.0,30.08565306,4.965533461,Nano
84.0,34.75985708,7.786331165,Micro
29.0,8.943415485,2.715735436,Nano
13.0,1.470311516,1.231379728,Micro
82.0,35.05290297,5.145975121,Nano
77.0,27.59973089,5.084562862,Mega
56.0,15.38414712,1.618385333,Mega
26.0,1.739578302,6.435910993,Macro
73.0,23.01551995,2.959907987,Micro
74.0,27.19660184,5.61632048,Mega
39.0,5.906967275,3.5879983,Mega
32.0,17.63131395,5.079566756,Micro
79.0,25.28409682,6.045621605,Nano
28.0,4.501081536,1.91382614,Micro
83.0,33.05370376,9.502273995,Macro
24.0,10.26587715,4.105277331,Nano
39.0,9.722746017,0.903060425,Micro
88.0,32.8470874,6.447430549,Macro
51.0,11.93587139,1.614925811,Macro
85.0,27.89100194,7.145666677,Micro
78.0,37.59808506,5.780036656,Micro
59.0,26.56931113,4.516217387,Macro
87.0,26.26344606,4.66625435,Mega
92.0,34.42143164,8.177003715,Micro
33.0,13.34990619,1.461002855,Nano
18.0,0.767382803,0.514440496,Mega
80.0,26.50857047,0.441110839,Mega
57.0,19.8795092,8.274529348,Micro
60.0,27.28676842,4.912130766,Mega
51.0,17.87552981,5.311291172,Mega
11.0,2.611100506,0.010188713,Micro
54.0,24.93457064,2.991638586,Micro
86.0,34.12647526,6.036185407,Micro
22.0,9.616684504,4.067506017,Nano
81.0,35.74400862,8.48557931,Mega
32.0,8.060818299,3.624347691,Nano
24.0,8.822604644,0.388314589,Mega
15.0,7.033246644,4.29895887,Macro
28.0,5.200063473,2.294252711,Macro
66.0,18.4512205,5.734660378,Macro
63.0,20.23650027,4.367758728,Macro
99.0,41.46858112,7.520477072,Macro
35.0,13.51560013,2.032471444,Micro
12.0,3.188129588,1.048343863,Micro
91.0,30.23149256,4.807255552,Mega
62.0,24.34518879,5.151483172,Nano
95.0,36.20915318,6.000879589,Mega
34.0,2.690565148,3.009390089,Macro
23.0,12.42231673,0.151505969,Macro
73.0,34.27032719,8.062578895,Mega
43.0,16.56616065,3.758375149,Mega
18.0,1.271180652,1.050902776,Mega
35.0,13.462027,1.42884286,Nano
61.0,24.66406819,0.643440065,Micro
46.0,20.35389675,3.989674716,Macro
29.0,11.21368878,0.55883658,Macro
33.0,17.44947546,0.887761603,Macro
78.0,24.58785494,4.628858613,Macro
20.0,11.84257032,3.544378981,Nano
45.0,10.90863806,3.192073711,Mega
10.0,1.294193924,0.12850286,Macro
52.0,13.71733271,1.558106711,Nano
79.0,28.96967508,5.72254515,Nano
71.0,25.19676618,8.050997952,Mega
36.0,21.64067045,4.667504418,Mega
50.0,19.34885503,2.369900004,Macro
89.0,36.00483653,3.979359359,Micro
15.0,5.559327554,1.207829519,Mega
28.0,14.07938991,5.9702183,Nano
25.0,11.14088597,2.011770582,Mega
14.0,18.28500948,4.157356826,Micro
99.0,33.3817234,8.147554697,Micro
75.0,28.55660496,4.744486496,Micro
39.0,9.574084012,2.508975852,Nano
94.0,28.65512418,7.869187058,Nano
28.0,13.44187653,5.166034391,Nano
28.0,15.73250128,7.952641069,Mega
40.0,7.339996233,3.690516896,Mega
13.0,4.450937443,3.332875723,Macro
99.0,30.02345521,4.263135192,Nano
49.0,14.87396622,1.638303876,Macro
13.0,5.654204913,3.614718008,Micro
99.0,31.83537627,7.836499255,Mega
51.0,11.9448119,1.367738794,Macro
62.0,22.15719329,1.174740673,Macro
91.0,38.5561432,10.21480685,Macro
40.0,18.81042973,0.847597289,Macro
32.0,9.634628021,4.311247152,Macro
29.0,12.09106028,2.49021882,Nano
59.0,28.35102374,6.541167803,Macro
87.0,30.99099652,5.461506605,Micro
18.0,7.745910759,1.059993514,Macro
41.0,12.50160407,1.247269966,Macro
56.0,18.77802734,2.522168245,Macro
69.0,26.94994463,2.112651668,Nano
15.0,3.367646768,0.817346265,Micro
17.0,14.6946038,0.474445692,Mega
28.0,15.98710355,0.831085792,Mega
28.0,9.812923503,0.369971776,Mega
36.0,1.546544558,0.259152416,Micro
37.0,7.753853243,0.646902083,Nano
35.0,10.02438885,0.033313202,Nano
22.0,16.95506909,3.637021955,Micro
59.0,21.73227479,1.164412348,Nano
34.0,14.60687996,2.153001784,Mega
58.0,18.36779222,4.583140154,Micro
20.0,8.722931937,3.337461521,Nano
19.0,7.299359067,1.577311553,Micro
25.0,1.908465673,1.922723544,Nano
44.0,16.55078519,5.075482015,Macro
60.0,20.78911569,7.601170729,Mega
52.0,15.21955294,0.74054497,Nano
15.0,17.87852819,6.684451448,Macro
91.0,35.48887371,6.478934029,Micro
84.0,29.65912031,5.892874671,Nano
100.0,28.18902322,7.08946877,Macro
21.0,16.69215422,1.982434619,Macro
38.0,12.76650992,0.102854565,Nano
56.0,23.96574055,6.276644732,Micro
45.0,20.45089437,3.342233746,Nano
83.0,17.02920312,4.591346122,Micro
15.0,4.852190352,5.603537932,Macro
58.0,24.29613986,3.260725855,Macro
13.0,3.220673901,2.446239991,Nano
83.0,26.87088292,3.440192694,Nano
87.0,28.08387256,3.530834327,Mega
94.0,22.11973254,2.528224806,Macro
59.0,24.00006894,2.348452517,Nano
25.0,5.573783213,0.880543705,Nano
17.0,0.0430822,1.299324106,Micro
51.0,14.59833479,1.9868408,Micro
67.0,28.48182095,1.520803886,Mega
12.0,6.299113349,0.91215344,Micro
14.0,4.432798462,0.637216069,Mega
22.0,6.041725794,2.136632357,Mega
15.0,2.251002844,2.071719253,Micro
34.0,13.93985815,1.153340571,Mega
92.0,31.07632397,6.93117373,Macro
72.0,23.69108173,1.627593518,Mega
60.0,24.1929876,8.82769045,Micro
15.0,10.41031566,1.834639961,Micro
71.0,14.15400564,2.185417096,Micro
28.0,10.05191293,3.716741602,Macro
83.0,23.661,3.981732914,Nano
70.0,15.29255881,2.437563019,Micro
28.0,10.76096294,0.627232382,Micro
62.0,16.08778914,5.060162938,Macro
85.0,33.88151018,5.708518932,Mega
86.0,28.21073834,4.373466421,Micro
26.0,8.871762171,1.900113447,Nano
61.0,17.07116687,3.800921079,Nano
43.0,15.50500023,2.07810808,Macro
28.0,14.92757909,4.441420338,Mega
87.0,30.91030003,7.642073563,Micro
39.0,5.04461794,2.012805814,Macro
37.0,14.07541414,0.27774083,Nano
30.0,2.763161925,1.491292036,Nano
82.0,34.24909651,5.675424827,Micro
36.0,14.75867975,0.807413059,Micro
71.0,28.98931813,4.510760387,Nano
57.0,16.68509976,0.667511487,Mega
21.0,9.677597999,2.621158928,Nano
81.0,32.46276288,7.394593343,Micro
89.0,34.72354863,6.137642552,Macro
36.0,12.46065694,1.91697969,Nano
30.0,6.767266093,2.455374837,Nano
72.0,11.26204128,5.915241648,Mega
23.0,12.05614618,3.597400217,Nano
65.0,26.9743057,5.266266037,Nano
72.0,17.91038389,1.864167533,Micro
11.0,1.5308523,2.412231941,Micro
47.0,18.40910552,9.195497391,Nano
81.0,34.258988,2.933485172,Mega
60.0,20.65364197,3.097761704,Micro
95.0,36.36570198,1.944664898,Macro
25.0,10.14884347,4.178689225,Nano
49.0,19.77045829,2.139144069,Macro
89.0,31.77088669,5.88922997,Macro
56.0,16.5687787,3.151386833,Nano
65.0,19.77140766,5.607599419,Micro
39.0,19.77258376,1.932404713,Nano
67.0,18.3929601,1.625678012,Micro
19.0,7.789507227,4.06782199,Macro
89.0,21.76612646,2.193168407,Micro
20.0,2.388284572,0.593664839,Mega
41.0,16.68829782,4.329400124,Macro
91.0,31.17432973,5.100238465,Micro
47.0,19.08549213,2.485246038,Nano
27.0,15.44922108,4.645825936,Mega
70.0,29.76077482,5.814951014,Macro
31.0,7.231927741,5.155800945,Macro
59.0,13.45217597,1.50308216,Macro
77.0,36.05245844,5.137853745,Mega
63.0,23.23704807,5.816140203,Micro
40.0,13.19401085,3.892134438,Micro
38.0,3.046308751,1.743629417,Macro
32.0,25.48626583,4.172270036,Mega
71.0,29.26880589,4.327218673,Micro
100.0,31.6462889,6.52108481,Micro
77.0,29.76975537,2.856585742,Macro
25.0,1.717079137,3.631544285,Micro
52.0,14.56589504,1.9982184,Mega
47.0,15.89286029,2.001411881,Mega
28.0,10.93200857,1.867646115,Nano
45.0,14.19071291,3.321536823,Nano
59.0,9.284500795,0.800781459,Mega
42.0,6.58132946,1.641510704,Macro
12.0,6.636054358,0.838317446,Micro
92.0,30.29945976,5.942147048,Nano
18.0,8.769271983,4.472197966,Mega
14.0,4.269271761,1.705284552,Nano
80.0,30.28224548,7.438100621,Macro
29.0,6.276701916,3.998939566,Mega
74.0,25.11653866,5.846600188,Mega
42.0,5.929142678,0.934337091,Mega
39.0,16.43039265,0.629930468,Micro
62.0,16.44434995,7.48999682,Nano
18.0,12.09442343,0.487387374,Macro
27.0,3.438824491,0.749518789,Mega
47.0,20.82015775,3.598794638,Mega
70.0,25.22857993,1.980812384,Mega
83.0,24.74086407,5.191617123,Macro
39.0,14.58854843,5.478277994,Micro
42.0,12.58996505,1.843294988,Macro
68.0,18.75119331,4.596953264,Micro
83.0,21.26976739,4.22881998,Macro
85.0,31.79693826,2.16250238,Mega
28.0,4.140973909,2.501202365,Macro
37.0,13.63793372,3.061267718,Micro
83.0,30.02002826,6.922303959,Mega
47.0,18.2339617,0.827545346,Mega
83.0,19.35093165,0.759754583,Micro
22.0,20.34673491,5.491167097,Mega
49.0,9.296765758,1.840306536,Macro
29.0,9.614382036,1.02716349,Mega
63.0,16.52948801,3.351418583,Micro
63.0,18.07295181,4.072741693,Mega
41.0,14.35188944,3.039988379,Micro
49.0,13.76198317,2.502653025,Nano
38.0,7.154535323,0.92859048,Nano
87.0,30.68709234,1.275253398,Nano
12.0,12.84827976,2.810375342,Nano
100.0,36.07207366,7.602359551,Macro
87.0,21.65560783,4.342996442,Macro
23.0,12.05716495,1.448221333,Mega
88.0,35.50607789,5.870154103,Macro
89.0,25.7252168,2.967397866,Micro
47.0,11.6137875,1.815052726,Nano
33.0,3.887493556,2.279986256,Mega
46.0,13.66666813,5.592577136,Macro
42.0,15.20469724,2.230216304,Nano
46.0,9.020878057,1.983441738,Micro
69.0,25.03470033,9.204856494,Macro
47.0,22.38166556,2.322283907,Mega
34.0,14.41990991,3.449966023,Micro
97.0,38.15692117,8.104644048,Micro
77.0,30.67023291,2.807285171,Nano
64.0,22.1945826,3.116904294,Macro
33.0,20.90396594,5.870763969,Nano
35.0,12.14629522,1.992383015,Mega
39.0,19.19282825,1.538106706,Macro
32.0,4.067835317,0.958287924,Micro
78.0,19.51895384,1.820807646,Micro
27.0,13.22766271,5.247674761,Nano
43.0,17.66419141,2.728568336,Micro
52.0,15.04080543,2.272803588,Mega
75.0,27.37790545,6.011353686,Macro
26.0,8.893581105,0.236530774,Nano
29.0,15.47539803,4.828720171,Mega
30.0,5.232195406,2.164882999,Macro
70.0,14.41461909,1.874666304,Mega
33.0,10.89567751,2.858010734,Nano
97.0,32.3661171,2.549591051,Nano
56.0,21.41117235,3.944672626,Micro
33.0,14.23628106,1.756967978,Macro
59.0,21.29972944,6.145551611,Mega
83.0,26.50247528,5.901473185,Macro
59.0,24.99656438,7.915971311,Nano
47.0,14.26513655,0.454169997,Mega
70.0,22.02797304,5.556095046,Macro
40.0,17.42884965,3.306706147,Macro
66.0,20.82213126,4.347559873,Mega
100.0,36.76158596,6.258340608,Micro
64.0,14.60464647,1.769477138,Nano
60.0,22.22851939,1.901751815,Micro
76.0,32.31926372,6.494517858,Mega
15.0,2.234293408,1.07771826,Mega
26.0,7.202913475,1.408307077,Micro
56.0,12.41464256,0.67122054,Nano
12.0,4.549974224,0.968120529,Macro
80.0,33.19290751,6.567471154,Micro
23.0,9.665970142,3.653518074,Nano
63.0,10.24669396,0.39228441,Macro
64.0,18.66967958,3.045508873,Mega
36.0,15.19445096,2.799221115,Mega
38.0,18.90360911,4.889993447,Macro
90.0,24.74690445,7.061842686,Mega
56.0,25.18369481,2.279885311,Mega
60.0,12.23406316,1.659737604,Micro
79.0,19.57607017,4.32634078,Macro
83.0,35.64092081,8.930532425,Micro
61.0,21.00894901,5.042353102,Nano
70.0,29.74677107,4.842879655,Nano
82.0,26.3742475,4.160118846,Macro
54.0,21.46940881,1.186421596,Macro
53.0,21.22223249,3.97683231,Micro
33.0,22.70338207,2.302985634,Mega
50.0,19.41204366,0.188385566,Mega
13.0,2.807795774,0.60165589,Mega
14.0,6.754820647,4.942437287,Nano
38.0,6.110769556,1.937174888,Macro
28.0,19.75022142,4.689765848,Micro
96.0,24.27437076,3.456332223,Micro
66.0,15.63237993,5.234691726,Nano
80.0,29.33668376,3.456429808,Micro
31.0,10.97590334,0.973358699,Micro
100.0,32.14820776,7.565099552,Micro
29.0,8.714942563,0.956601942,Macro
61.0,19.81327192,0.733182064,Mega
100.0,31.63231852,6.437839912,Mega
31.0,0.417441168,1.904980213,Macro
95.0,37.81759713,4.893097259,Mega
21.0,14.44136866,0.342016761,Micro
83.0,34.68510091,10.0302438,Mega
23.0,7.696523878,0.088922876,Macro
93.0,37.70803265,6.43094939,Macro
24.0,11.04100773,0.581803233,Nano
16.0,5.381920952,1.304031365,Nano
62.0,20.46892895,5.018036257,Macro
17.0,0.961220384,0.748200591,Micro
40.0,13.05041081,1.971184795,Nano
26.0,17.83664974,5.109696734,Micro
55.0,10.56917499,2.990738288,Mega
52.0,18.40548389,4.588627993,Micro
20.0,10.75005058,2.442173814,Macro
92.0,25.05226608,7.118749557,Micro
48.0,14.11561705,3.328378357,Mega
90.0,30.48464888,5.005497564,Mega
40.0,23.49000867,5.241414394,Micro
28.0,3.306779995,2.690659024,Macro
86.0,25.10445361,6.322648609,Nano
31.0,11.16309579,2.308968966,Micro
96.0,34.71355558,3.437714608,Micro
27.0,8.158783618,1.846245517,Macro
29.0,4.595233625,0.581271839,Micro
84.0,23.49099467,6.384877693,Macro
11.0,7.228354408,5.250181854,Micro
84.0,27.29955891,5.084324988,Micro
29.0,14.4341063,0.463277331,Macro
18.0,10.65529469,1.368274421,Micro
30.0,17.46901907,4.337634178,Nano
93.0,31.41990627,6.764271255,Micro
66.0,16.3660306,1.939179561,Macro
57.0,16.9661789,4.938305555,Nano
10.0,5.217558811,1.075065424,Nano
22.0,4.477489767,1.52846934,Nano
23.0,5.564666466,0.327746146,Nano
29.0,7.615687099,1.294083271,Macro
83.0,27.92371868,8.566793342,Macro
50.0,17.68275393,1.605194317,Nano
96.0,32.94845025,7.862944073,Micro
88.0,21.33298526,8.327309347,Micro
67.0,18.89763578,4.219195092,Micro
52.0,19.75245225,3.573207176,Mega
90.0,30.82298689,1.891624828,Nano
87.0,34.6902751,5.616502273,Micro
21.0,2.535155143,0.809429431,Macro
89.0,33.39187931,6.297544404,Mega
72.0,18.55239266,4.52416234,Macro
36.0,10.56614422,2.638889554,Mega
41.0,13.32463678,5.088006037,Mega
38.0,18.43696066,2.419836853,Macro
24.0,13.022179,0.776760663,Macro
39.0,9.429549985,0.617180797,Micro
77.0,17.66608651,1.874090882,Macro
65.0,18.74248941,2.46078708,Micro
40.0,19.94695027,4.409942415,Nano
88.0,31.64099255,4.554771672,Nano
66.0,24.52006676,7.789470963,Macro
94.0,29.08831186,4.337243376,Mega
40.0,11.38543827,0.766831031,Mega
41.0,3.921540021,2.527850591,Nano
47.0,25.46799432,2.998558134,Micro
91.0,32.53312607,5.651035573,Micro
20.0,3.934783488,0.328469804,Nano
14.0,1.173467778,1.04234225,Nano
68.0,29.22260357,4.406522888,Macro
42.0,14.64938056,0.651575128,Mega
93.0,33.78890644,5.026881705,Macro
48.0,14.41875328,3.117413536,Nano
45.0,19.52113112,5.018550323,Mega
42.0,9.042435583,0.400175497,Nano
83.0,22.12318389,4.548473435,Mega
90.0,25.69788544,4.923816865,Mega
89.0,30.51487365,9.431987087,Macro
16.0,3.304010476,1.434938247,Macro
24.0,8.526778372,1.872740701,Nano
53.0,19.93695574,5.788043334,Nano
90.0,26.77426032,5.958191412,Macro
56.0,25.65263615,3.484751126,Micro
75.0,24.46123389,7.508531221,Nano
56.0,22.65913506,0.484667648,Mega
54.0,23.74559638,3.850858082,Macro
13.0,7.036145373,0.595659907,Macro
29.0,4.650729125,2.501837104,Micro
26.0,10.59953251,0.679275349,Macro
97.0,22.64746328,3.287167403,Macro
78.0,36.13477932,6.812528936,Micro
78.0,30.78263387,4.327262063,Nano
44.0,23.13440248,3.02294212,Mega
80.0,25.32034737,6.524476741,Mega
70.0,15.2477262,4.587703384,Macro
20.0,1.957628612,0.873307408,Macro
76.0,34.27923262,7.940107984,Macro
40.0,9.95269779,0.498155859,Nano
94.0,32.16264869,4.178849052,Mega
38.0,16.84811459,3.975007849,Mega
88.0,35.92794676,8.670850647,Micro
21.0,1.434561884,0.076376517,Mega
34.0,16.19365273,0.792203039,Mega
45.0,7.116575677,2.3036211,Macro
37.0,2.321754718,1.76389766,Nano
85.0,29.10767609,2.656169932,Nano
87.0,28.27700983,7.015215591,Nano
31.0,10.82249016,0.857715137,Macro
24.0,11.18989537,0.329939678,Nano
89.0,25.89509413,2.400939144,Nano
100.0,32.38632069,6.903400294,Mega
20.0,7.92425546,1.392122965,Mega
51.0,13.87461816,3.553056769,Nano
86.0,33.58317694,5.258118263,Nano
24.0,11.01989424,0.759861818,Macro
27.0,10.33353047,1.130122514,Macro
35.0,18.81472652,3.041468747,Mega
32.0,4.01212603,0.427108804,Nano
43.0,9.644227993,1.805611694,Macro
17.0,8.797291422,2.409158219,Macro
67.0,22.5334402,1.805945665,Nano
75.0,32.25518431,6.076591747,Macro
61.0,20.19729211,1.344451932,Micro
46.0,9.84754116,2.944586242,Micro
79.0,31.53703373,7.015332854,Micro
17.0,5.114304619,0.260751503,Mega
97.0,28.37534439,6.324932659,Macro
79.0,24.33346963,4.355745346,Mega
78.0,29.7134494,5.312680855,Nano
18.0,11.60578187,1.587599101,Micro
97.0,32.66492942,3.404343568,Micro
66.0,22.00610289,4.981503424,Mega
100.0,32.40065311,3.784145331,Nano
26.0,10.85572363,1.338036432,Micro
73.0,31.3271272,10.26055357,Nano
10.0,0.688749344,0.982755686,Mega
42.0,23.23917706,3.820399478,Nano
54.0,19.69719543,1.434318245,Nano
65.0,24.23537069,3.319695807,Macro
28.0,10.80138028,3.119772273,Nano
82.0,21.68701274,2.537905135,Nano
19.0,9.174730453,1.239992811,Nano
86.0,30.68348155,2.984064744,Nano
29.0,10.41405264,3.798210294,Nano
55.0,10.11533608,2.92221083,Mega
45.0,11.86478335,1.576683416,Nano
58.0,4.870187029,3.043994197,Macro
65.0,21.82868204,3.852364912,Macro
69.0,24.36246064,5.463176008,Macro
46.0,15.49815546,0.169996911,Macro
58.0,21.66817425,6.615751015,Macro
60.0,19.49995648,4.912336165,Macro
88.0,27.54281898,4.614034843,Mega
67.0,15.84088866,5.144712635,Macro
29.0,10.60776751,0.392276142,Mega
88.0,25.02655962,4.133996812,Nano
74.0,24.31771749,5.292837316,Mega
89.0,26.11806108,4.020019107,Nano
94.0,34.02585643,6.345909164,Macro
69.0,21.85879116,3.273587772,Mega
97.0,31.69082641,5.548205454,Nano
83.0,27.45744568,4.852580235,Macro
56.0,8.731409299,3.349439969,Nano
55.0,18.50667095,4.089302485,Nano
16.0,2.733787211,0.051444257,Macro
46.0,17.78260917,3.773452773,Macro
24.0,14.0009677,0.919025298,Nano
16.0,5.735731245,2.354334527,Macro
53.0,5.856616799,2.762125352,Nano
65.0,18.7429314,7.643730103,Mega
33.0,18.64876502,2.010872689,Nano
23.0,5.939914052,0.572550121,Macro
72.0,23.92269582,3.373809656,Mega
13.0,6.237812416,0.777461147,Nano
15.0,7.687035542,2.080461325,Nano
22.0,0.861286937,0.129393639,Mega
76.0,19.10180456,2.327478321,Nano
58.0,21.746656,4.451849392,Nano
24.0,0.848264479,1.592571775,Nano
97.0,39.23230636,3.698661076,Nano
87.0,26.99627762,1.866030869,Micro
77.0,32.71817895,4.068253588,Micro
38.0,12.25305035,2.427705252,Micro
10.0,2.296818223,0.334893148,Mega
25.0,10.25499766,1.748859254,Micro
15.0,7.531238469,2.180049883,Nano
64.0,22.46616939,7.150085369,Nano
41.0,7.125223319,1.156608183,Mega
29.0,10.93594964,3.063813087,Mega
39.0,16.88059995,4.300450043,Mega
25.0,6.289604837,1.761397829,Nano
19.0,11.83606893,1.584286752,Micro
21.0,5.417999563,4.626973896,Mega
97.0,34.85516799,8.128920858,Macro
30.0,6.626398231,2.827163775,Mega
59.0,13.0213872,3.264331675,Micro
99.0,35.30814816,8.233628806,Macro
82.0,31.74991035,4.827938725,Macro
25.0,4.132424517,2.2690036,Mega
47.0,15.59829684,5.327113425,Nano
21.0,12.14047899,2.424122986,Mega
44.0,11.68347203,0.391381397,Nano
73.0,15.9583118,3.916944379,Nano
64.0,26.71359667,7.772853029,Micro
59.0,22.19699053,4.710262205,Mega
20.0,4.636437872,5.109243538,Micro
75.0,24.56962198,3.306948842,Micro
82.0,31.60769079,3.952448108,Mega
38.0,10.81858114,0.61243765,Micro
67.0,21.66430854,4.774567506,Micro
34.0,10.64010399,0.805867329,Micro
60.0,23.24355676,3.593966804,Micro
40.0,8.588407255,3.068645816,Micro
60.0,19.01558716,5.895165277,Mega
43.0,7.883957008,2.098133635,Nano
28.0,10.97367816,2.558390415,Mega
66.0,23.16259764,2.051333546,Mega
40.0,8.210580502,0.54506686,Micro
56.0,11.11142837,2.25649175,Nano
95.0,31.0557159,6.758467165,Mega
61.0,20.78954416,2.473938172,Macro
64.0,24.05736443,8.153003774,Mega
44.0,25.39485225,6.637342214,Nano
78.0,20.850507,0.903613579,Nano
43.0,14.50355259,5.540172367,Macro
29.0,0.969179242,1.101270316,Micro
13.0,0.431127823,2.229423022,Mega
48.0,16.11600234,1.698185318,Mega
44.0,24.63088911,0.35714192,Macro
70.0,20.27098613,3.989554606,Nano
12.0,9.359062905,5.249310703,Mega
52.0,17.45288044,3.909853584,Nano
89.0,23.53301297,1.37947462,Mega
10.0,3.795386859,0.08705152,Mega
42.0,11.66685228,3.124114188,Nano
20.0,0.898598086,0.364684826,Mega
29.0,4.442709588,3.533258348,Mega
68.0,29.49996311,3.520463252,Mega
76.0,26.01264783,6.850737344,Micro
94.0,34.4405617,5.361413902,Micro
23.0,6.662270909,0.142948635,Nano
88.0,31.53306437,4.70058828,Micro
25.0,11.09126345,0.95375194,Mega
72.0,24.49953205,3.518819199,Macro
96.0,30.07537117,6.063871145,Macro
72.0,19.8837268,6.352685239,Macro
36.0,16.01664419,2.893217344,Nano
50.0,17.63728761,1.085353836,Mega
43.0,11.65183738,3.36668963,Micro
48.0,21.10276132,1.895651693,Mega
95.0,38.04846725,6.955765598,Micro
78.0,30.88048795,10.18875485,Mega
89.0,34.21397898,4.786459552,Macro
68.0,21.63920124,3.223647705,Micro
75.0,26.07350953,3.421472642,Macro
66.0,32.8621864,8.186191406,Mega
70.0,24.12286029,1.07874688,Nano
61.0,20.16105438,3.305574466,Nano
54.0,9.674174412,1.365669378,Micro
81.0,24.00579144,3.774497494,Micro
34.0,13.35447854,0.734024403,Macro
72.0,25.40659637,3.215455403,Micro
18.0,3.398236382,0.905116643,Macro
40.0,12.16897263,1.785034944,Micro
70.0,22.85824494,6.146319119,Macro
58.0,22.86918182,6.281662732,Nano
12.0,8.46670897,4.076583625,Mega
13.0,2.320134594,0.98234869,Micro
62.0,27.34392422,1.912193777,Mega
93.0,24.93237267,1.253028505,Macro
16.0,1.114215614,0.124305507,Micro
87.0,30.20364198,9.267802669,Micro
18.0,3.998145083,0.550344488,Mega
54.0,12.98134935,2.751051575,Macro
70.0,20.74153565,4.51238522,Mega
30.0,10.89003569,3.371902326,Mega
10.0,5.490507416,2.469998038,Nano
36.0,6.101045822,3.262967852,Micro
10.0,2.563279595,2.194326393,Nano
37.0,9.859486032,2.897944304,Mega
44.0,16.23221563,0.81339399,Nano
94.0,21.23189006,4.101766949,Mega
24.0,2.353887518,1.093828271,Nano
61.0,9.574189313,1.846560373,Nano
53.0,25.68728247,5.371543508,Nano
14.0,0.50890917,1.278568268,Nano
24.0,6.688832575,1.043337879,Mega
56.0,13.21843022,3.196613591,Nano
50.0,8.412303495,3.642783793,Micro
33.0,18.79512475,3.740227729,Micro
21.0,6.326904995,1.731504711,Macro
79.0,28.99004026,5.70656376,Mega
43.0,17.26923733,2.668721882,Micro
88.0,28.50814283,5.1302272,Nano
66.0,18.92735337,7.016310108,Nano
85.0,22.07045663,0.558257155,Mega
56.0,20.7459852,4.241658945,Macro
58.0,17.39836485,3.796159847,Macro
43.0,12.51243715,2.496333383,Mega
44.0,7.159147123,1.94613341,Micro
70.0,16.25832885,1.726270065,Micro
36.0,9.096779889,3.81883449,Mega
36.0,17.03355173,4.427632709,Macro
74.0,24.71108346,0.793258638,Macro
32.0,13.71375994,0.826277105,Micro
35.0,13.06947725,3.546487794,Macro
64.0,14.49372202,0.737132129,Micro
35.0,14.07835325,1.116862626,Mega
91.0,27.70783425,3.169181243,Mega
68.0,19.16538374,0.917988194,Nano
95.0,30.73728576,8.980234377,Micro
45.0,14.17801327,3.769634351,Mega
22.0,5.920985622,4.016223339,Mega
58.0,20.50277946,2.798563099,Nano
66.0,24.9112458,3.124255381,Nano
69.0,26.11436417,2.022409609,Nano
77.0,28.06346238,5.958229036,Nano
78.0,28.11706363,4.28069051,Micro
99.0,38.26367194,3.918182853,Mega
33.0,23.17995162,4.492850796,Macro
53.0,24.70222638,0.169467336,Mega
51.0,12.40537883,2.253725276,Mega
61.0,24.55433977,4.214668094,Nano
80.0,17.03688921,0.749839536,Nano
92.0,32.16716867,6.726771343,Micro
56.0,16.13587655,6.5492771,Nano
15.0,9.047571207,1.340007941,Micro
72.0,23.59536842,4.882771183,Mega
53.0,20.03308237,4.304445001,Macro
82.0,29.60111386,6.481908539,Macro
13.0,0.014486494,1.47170989,Micro
13.0,1.132159663,2.182918919,Mega
82.0,22.56523143,2.541684877,Micro
99.0,34.47576407,4.93427199,Macro
84.0,31.46617665,3.115435233,Macro
18.0,0.0262955,2.08232788,Micro
87.0,27.14848005,1.178327441,Micro
39.0,11.78254265,2.956726836,Micro
96.0,31.45066121,5.395932867,Mega
98.0,29.35026643,6.913729654,Nano
43.0,12.84212842,2.593697318,Macro
27.0,2.742980844,0.29066076,Mega
91.0,28.08005623,6.062588606,Macro
45.0,17.48619727,2.355668427,Micro
14.0,8.001265854,4.18783431,Micro
25.0,10.68280618,0.114819597,Nano
50.0,24.2342799,3.802225298,Nano
13.0,8.233607467,1.324969168,Mega
22.0,10.88647478,1.949233449,Micro
91.0,26.62861541,4.539204096,Macro
77.0,28.84546272,2.077203913,Nano
67.0,14.96789081,0.99267693,Nano
49.0,16.6826188,4.159433929,Mega
41.0,13.92654551,2.157720387,Micro
86.0,20.66269354,2.867545084,Macro
90.0,32.98908421,5.114303431,Macro
16.0,12.25135762,1.463118167,Mega
26.0,15.20439445,3.615245315,Micro
58.0,14.75741985,1.887767552,Mega
51.0,15.57082643,4.419476769,Mega
88.0,30.24576552,6.376378066,Macro
67.0,24.34232653,3.136783252,Nano
35.0,19.97502187,3.222876164,Nano
96.0,29.649119,5.09171967,Macro
37.0,16.50000902,3.138409019,Macro
61.0,21.98199898,4.021468949,Macro
100.0,34.4882046,9.18719983,Mega
40.0,5.903771109,3.454079966,Nano
87.0,21.84723897,4.848892139,Nano
66.0,25.80615546,5.848905295,Micro
72.0,14.31731074,1.755859447,Mega
36.0,7.734769762,1.820901371,Micro
98.0,41.21683733,6.137985783,Micro
67.0,15.96230199,4.823873221,Mega
79.0,28.54447728,4.952881046,Nano
46.0,14.77131146,2.053779217,Micro
92.0,28.10042831,6.381561037,Macro
40.0,17.98433334,1.719860401,Nano
48.0,13.25588319,0.879221889,Mega
79.0,31.42973368,3.255131985,Mega
98.0,34.22011288,4.474838371,Mega
58.0,14.62053793,1.667640013,Mega
15.0,2.777117161,2.523639962,Micro
67.0,18.24098393,0.564129081,Mega
86.0,26.940963,6.458130779,Macro
17.0,9.465577577,3.693051043,Nano
27.0,8.643650064,3.579154088,Mega
48.0,16.06992836,4.783021098,Nano
88.0,25.59728155,4.903209547,Micro
34.0,5.082664527,0.219320758,Mega
37.0,1.555588154,0.019312963,Macro
84.0,33.9556193,4.479871088,Nano
10.0,2.687161173,2.552869928,Mega
62.0,23.67422982,3.363063357,Micro
45.0,13.66591101,1.50638398,Mega
81.0,26.09919087,4.351757741,Mega
50.0,14.21822384,2.842302575,Mega
46.0,21.95980933,0.880593234,Micro
45.0,10.52286115,1.8555802,Micro
36.0,7.083959569,1.081620709,Nano
80.0,23.68899056,8.226684392,Micro
54.0,24.36575611,5.020143563,Macro
38.0,9.608401774,0.266972471,Micro
18.0,10.73061151,0.827735972,Mega
74.0,23.05922246,7.068861538,Mega
69.0,17.55118962,3.143709747,Micro
46.0,22.78233554,1.590795934,Mega
18.0,7.929312525,2.364400595,Mega
48.0,18.0594551,1.632843105,Micro
25.0,8.441300609,3.061993427,Mega
21.0,5.029562187,2.128344445,Nano
42.0,16.05076847,1.614349914,Macro
72.0,34.51243521,6.146297355,Mega
14.0,6.082044887,1.15443211,Nano
70.0,20.77717376,2.831544226,Macro
90.0,36.71377854,8.103656838,Micro
58.0,14.92296684,4.218225759,Mega
84.0,28.27780956,3.840343724,Nano
65.0,16.2577251,3.206348981,Nano
78.0,26.53771888,3.961284729,Macro
43.0,15.62476383,5.683331226,Nano
69.0,21.91504373,1.356265564,Micro
13.0,4.027757616,0.216286524,Micro
97.0,34.96819327,6.731469772,Micro
61.0,24.68551263,5.22238047,Macro
82.0,17.35969287,4.361815987,Nano
53.0,21.55391007,8.112433024,Micro
22.0,4.85349411,0.017377461,Micro
10.0,2.112089417,2.920708705,Mega
70.0,15.3541893,1.049369556,Micro
98.0,26.23075658,4.307673455,Mega
33.0,18.44134045,2.713985708,Nano
59.0,18.35068386,1.831142407,Micro
64.0,23.62140255,3.370604572,Nano
98.0,25.80264351,4.420553579,Macro
88.0,33.12247008,10.45510884,Nano
17.0,2.291168265,2.154703949,Micro
56.0,25.32563097,2.071338689,Macro
84.0,29.83428924,2.578412201,Micro
15.0,7.094611415,3.51582302,Mega
27.0,7.759085036,1.017372135,Micro
23.0,12.8642464,0.024461348,Micro
89.0,22.98771862,2.588135171,Mega
44.0,16.08347915,1.731768931,Macro
99.0,34.85208783,4.438102223,Micro
85.0,24.15551314,4.220903998,Mega
18.0,9.714072444,3.383355406,Mega
77.0,31.41643985,5.671164791,Mega
66.0,22.46543434,0.283374568,Mega
69.0,20.65784983,3.72670806,Macro
93.0,23.00790846,4.42627669,Micro
81.0,23.874,3.774874678,Mega
26.0,4.561389512,1.791092844,Micro
27.0,4.174456912,0.233593939,Mega
20.0,7.833709453,4.783670357,Mega
63.0,21.11777814,0.500862283,Macro
79.0,37.37903665,4.767527236,Macro
32.0,13.43185072,1.969664799,Micro
94.0,38.58436016,5.522805833,Macro
80.0,26.98790612,3.081278114,Macro
98.0,28.93749129,5.478686281,Mega
22.0,13.32653424,3.470841069,Micro
16.0,0.364453104,0.471870511,Micro
50.0,17.54113274,4.515252989,Nano
42.0,12.05907089,1.472850958,Micro
16.0,3.639306804,2.077946459,Nano
50.0,13.41767007,5.549605841,Macro
57.0,21.66626693,11.53462604,Mega
65.0,23.20506523,2.070453608,Nano
93.0,33.44612465,6.737926736,Macro
84.0,28.25824209,4.849899418,Mega
75.0,24.90444884,2.148412803,Nano
98.0,34.94758415,3.385312582,Macro
90.0,29.30928806,2.974964668,Micro
99.0,33.28287172,5.603827495,Macro
93.0,34.79511805,4.269074383,Nano
99.0,48.87116125,8.292207745,Mega
25.0,7.431420102,1.020490189,Nano
94.0,25.98728487,3.090720713,Mega
23.0,13.31099098,0.731708591,Nano
76.0,21.01001801,4.471264224,Micro
85.0,30.88592551,2.762634911,Macro
58.0,21.39993028,2.172741919,Mega
95.0,31.35729304,9.619583514,Nano
97.0,35.73461699,6.814448789,Micro
45.0,15.44215432,1.161453302,Macro
75.0,30.9009463,7.483428371,Macro
54.0,23.84382575,2.481614073,Mega
67.0,28.20812272,4.03044572,Micro
64.0,27.02480286,3.399217629,Macro
74.0,19.11490912,4.485970525,Nano
26.0,1.218353879,1.270443869,Micro
71.0,24.04424273,3.088346775,Mega
97.0,39.72720142,5.700071103,Micro
38.0,2.589298485,4.232246203,Macro
10.0,8.830077727,4.003304387,Micro
47.0,9.961821714,4.068030765,Macro
47.0,13.47141759,2.441219796,Macro
42.0,15.21523612,1.501445964,Nano
67.0,27.11403284,2.646603229,Macro
22.0,11.34566071,0.030706718,Mega
98.0,33.80416617,6.854701422,Macro
14.0,5.24203637,1.379918092,Mega
30.0,15.43267247,3.9865702,Macro
53.0,17.97812572,3.066072741,Nano
95.0,33.91345228,6.737153756,Mega
53.0,17.31799684,3.417844432,Mega
26.0,5.770653662,0.878954101,Micro
68.0,29.43517599,3.224934232,Micro
12.0,14.33248452,0.653011165,Nano
15.0,8.437407682,1.40599815,Micro
96.0,33.01778056,5.625786859,Mega
38.0,12.60091687,2.97134281,Mega
50.0,14.19652687,0.137827823,Mega
43.0,26.13090993,8.160684173,Micro
33.0,0.94680009,0.659368424,Macro
86.0,24.11731486,7.885150229,Micro
43.0,15.51307679,1.626380158,Mega
66.0,23.76823033,5.455271317,Nano
84.0,22.32668218,0.165284697,Micro
60.0,14.86021668,4.607362648,Nano
57.0,23.27044919,5.741407966,Micro
45.0,24.60749369,2.55372225,Macro
17.0,16.6928453,2.12301111,Nano
62.0,24.17106528,6.347881927,Nano
28.0,13.16871546,1.873044843,Mega
85.0,32.27082677,1.256186655,Nano
74.0,20.42705084,6.319060522,Macro
82.0,27.1165686,4.626630461,Mega
52.0,17.29692445,1.341983961,Micro
19.0,7.055647466,2.038211676,Mega
59.0,25.75238399,3.388303521,Mega
21.0,9.750389723,4.396804065,Macro
46.0,5.523665535,1.952389236,Macro
31.0,14.30082434,2.954928662,Nano
16.0,10.86123463,2.575875195,Macro
31.0,11.09229645,1.840255605,Macro
70.0,24.70391519,5.052822575,Mega
29.0,9.850775833,1.774849524,Nano
98.0,28.55638293,5.407817067,Nano
48.0,22.61030252,3.849709776,Nano
74.0,26.13517633,5.781930642,Macro
68.0,16.67482871,1.329460183,Macro
18.0,9.081157279,2.338192893,Mega
98.0,31.36391464,5.657550436,Nano
57.0,13.28060278,2.101510154,Mega
89.0,31.34456883,5.531733764,Micro
13.0,0.747718323,1.912693178,Macro
32.0,10.39891437,1.174828669,Mega
74.0,20.40464594,3.936969494,Macro
63.0,19.28371879,0.481806199,Nano
26.0,18.65206124,5.769453827,Nano
62.0,18.22598841,6.618429614,Nano
77.0,18.30862229,2.517847341,Mega
78.0,37.47760817,12.10801729,Micro
14.0,4.828279786,0.28603859,Micro
100.0,37.71103171,8.096590776,Nano
32.0,5.838121345,2.765538827,Nano
12.0,6.240949586,2.19481368,Mega
61.0,21.06482504,0.950811765,Nano
88.0,34.49346538,5.891364406,Nano
63.0,20.17822304,0.653839725,Macro
92.0,16.70376892,1.888403291,Macro
56.0,11.22170396,1.626544308,Macro
96.0,25.18516071,5.737247752,Micro
96.0,30.85279773,10.12766664,Mega
53.0,22.58564193,2.507439565,Mega
55.0,14.18862454,4.034137594,Nano
59.0,15.29205006,3.340436207,Macro
77.0,29.54985454,5.219418108,Nano
63.0,22.61215309,5.02351081,Nano
34.0,13.97282035,1.019281898,Mega
45.0,20.19360374,4.269134455,Micro
16.0,2.339222151,0.563120609,Mega
76.0,31.57443225,5.668187006,Mega
41.0,11.93316821,0.379865341,Nano
15.0,4.456312327,2.629690582,Mega
99.0,33.89927206,7.955180603,Macro
25.0,9.905842649,1.853224897,Micro
21.0,5.000539172,0.199657398,Macro
94.0,24.21879807,3.462431445,Micro
22.0,11.99561122,0.858907412,Nano
18.0,11.9832318,1.622753899,Macro
29.0,9.197032332,3.246667727,Micro
20.0,1.028427715,0.921794519,Nano
100.0,37.14666656,6.341597116,Nano
50.0,14.95740704,1.952884786,Mega
74.0,19.41782899,4.035883388,Macro
82.0,27.9477843,2.390363872,Mega
81.0,36.12313135,4.584246415,Mega
79.0,33.57670036,2.990845572,Mega
24.0,7.565568515,3.761234624,Nano
48.0,18.0116912,5.942587756,Macro
89.0,26.23719393,2.72964696,Macro
29.0,11.92270713,6.033385743,Nano
80.0,32.20083678,5.583016234,Micro
65.0,18.05932459,1.510221039,Mega
24.0,9.255560345,3.540823973,Micro
49.0,20.42365468,4.346777364,Mega
41.0,9.144210529,0.180242273,Mega
93.0,21.69683624,2.925124833,Nano
60.0,22.51866848,8.211918044,Macro
64.0,20.71221941,5.464031097,Nano
33.0,13.55208661,5.696142076,Micro
56.0,22.81045197,2.525908541,Mega
29.0,13.61181888,2.670106133,Micro
26.0,13.93983343,0.613425435,Micro
43.0,9.726736048,0.337998227,Macro
77.0,34.14759364,6.433184714,Macro
17.0,10.65327885,1.82859956,Macro
23.0,7.989787362,0.508955059,Mega
25.0,7.690011836,0.572313335,Mega
16.0,2.2842643,1.365836702,Mega
100.0,31.73905151,6.53042334,Macro
94.0,27.63922592,3.796985953,Nano
76.0,18.66574964,2.119379814,Nano
47.0,11.50318371,2.519338224,Nano
58.0,13.30369009,4.383672242,Mega
27.0,9.406938289,4.527243502,Micro
74.0,25.56191025,5.459718097,Micro
18.0,10.61128089,2.088636201,Nano
46.0,17.46994122,1.304576856,Micro
59.0,24.08190215,3.331667207,Micro
77.0,18.65217152,1.370781655,Mega
14.0,0.218030497,0.337638266,Mega
12.0,2.689973086,1.873918167,Mega
21.0,7.239525859,1.611172497,Micro
10.0,5.298172116,0.903993562,Mega
14.0,4.248346436,2.679145923,Micro
54.0,27.34182453,5.53069564,Mega
63.0,19.71906624,5.481915242,Nano
63.0,23.91406052,3.340211678,Mega
90.0,36.33821886,6.054413782,Nano
85.0,36.16908593,7.523611218,Mega
99.0,36.02417394,4.288754978,Macro
23.0,2.8227398,2.647984558,Nano
80.0,27.72147524,6.86624796,Nano
75.0,31.97193882,4.698021921,Micro
69.0,28.00048104,7.370702567,Micro
32.0,10.27783551,0.773331129,Nano
95.0,30.89825295,4.79585416,Macro
88.0,34.17538554,6.988181689,Macro
31.0,8.275869393,2.131422502,Macro
41.0,8.715248318,0.181466489,Nano
72.0,28.04013276,5.704482227,Micro
16.0,8.303409472,2.058523812,Micro
46.0,15.55341525,1.648887001,Mega
15.0,12.09400595,1.192826643,Mega
23.0,2.032868017,1.433139817,Macro
77.0,27.85366422,4.163342937,Macro
93.0,16.53028988,2.319053522,Nano
27.0,8.244629705,1.142500735,Mega
46.0,15.50255633,4.69488484,Macro
52.0,18.38397312,0.704457411,Macro
28.0,15.04649578,4.417364136,Macro
14.0,2.648968868,2.182940143,Nano
34.0,11.37226164,2.175756469,Micro
59.0,25.68728652,6.903109247,Macro
49.0,10.23560703,2.507190611,Nano
69.0,24.57404491,8.260131069,Macro
44.0,8.517662372,0.443216978,Mega
81.0,20.55172834,5.130861803,Macro
24.0,9.509295201,3.018306095,Macro
78.0,24.89028294,3.531093274,Macro
34.0,8.964285289,2.893730794,Macro
22.0,2.143675371,2.392674334,Nano
28.0,7.949128866,0.926508325,Mega
12.0,8.674406942,2.76024852,Mega
65.0,25.28510272,12.05474882,Mega
35.0,14.50214433,3.448791566,Mega
17.0,4.755853353,5.440347967,Mega
79.0,25.95737332,5.781871261,Mega
48.0,14.96439256,0.029690363,Mega
27.0,15.96407307,2.807301417,Macro
56.0,16.13003967,3.866936616,Mega
96.0,24.60359711,4.14617113,Nano
36.0,11.74323228,1.380873108,Mega
22.0,9.963834215,5.045815917,Nano
80.0,19.32978829,2.659791544,Macro
47.0,9.266865633,4.040010034,Mega
29.0,6.059626048,2.206644363,Mega
75.0,30.5037236,3.850431399,Macro
38.0,6.238737938,2.254929515,Nano
94.0,33.41641605,4.995088425,Mega
52.0,18.25418226,2.745603394,Nano
29.0,11.27808484,3.290785312,Nano
13.0,1.959690199,1.004492215,Nano
55.0,14.4918081,3.340074777,Mega
31.0,20.5097048,1.575745303,Macro
13.0,12.37241338,6.51582713,Micro
65.0,23.90796255,2.558253102,Macro
79.0,33.69096007,7.889353903,Micro
61.0,23.62333336,0.386922712,Mega
82.0,26.01084466,4.803605016,Micro
100.0,41.1538091,4.31660016,Macro
64.0,22.87767837,3.198423532,Macro
93.0,29.08470705,9.310734949,Mega
94.0,17.17127384,1.021301086,Nano
51.0,16.57349003,0.928129377,Macro
39.0,21.75233897,6.362993293,Nano
54.0,21.01929195,4.458744221,Macro
31.0,17.07433788,4.8192763,Mega
25.0,15.66067741,4.894260232,Mega
79.0,25.06755404,3.429945412,Mega
73.0,23.66456112,7.655588185,Micro
59.0,18.73693928,4.166428183,Nano
28.0,7.273574298,2.962681744,Macro
18.0,6.770558288,0.753333515,Macro
20.0,12.92065658,1.865530074,Nano
75.0,23.6025531,4.523740054,Mega
19.0,11.30005574,1.951961716,Mega
95.0,33.33366031,6.90988426,Micro
72.0,33.19821998,2.388289664,Micro
75.0,23.21583157,2.823404512,Macro
41.0,17.41067699,3.407154022,Mega
100.0,29.08925518,2.287391235,Micro
97.0,32.09708248,6.671544862,Micro
43.0,23.36300311,3.930571161,Macro
68.0,23.5828261,4.234526407,Mega
80.0,21.66131793,4.286278224,Micro
45.0,12.22739961,1.306053839,Nano
97.0,37.34694168,3.515729693,Micro
45.0,18.80608405,1.052299168,Nano
79.0,20.47557359,4.375098213,Nano
68.0,18.70863089,1.950714199,Mega
21.0,9.726088372,0.863382785,Nano
96.0,38.09039458,4.942815974,Macro
87.0,27.73488768,3.636000569,Micro
96.0,34.65952748,2.733309859,Macro
64.0,14.23847068,0.455445095,Mega
27.0,8.356876047,3.829888213,Micro
37.0,20.4962389,0.8425903,Micro
38.0,15.2710352,2.028067933,Mega
47.0,14.16232438,4.388114516,Nano
89.0,34.52637823,7.837740232,Macro
38.0,21.97177734,3.883806758,Nano
75.0,24.76678077,8.778415289,Micro
84.0,23.15883778,6.493394974,Macro
30.0,22.46689109,4.616527829,Micro
84.0,26.41066438,5.163949549,Nano
12.0,10.2207438,4.46418734,Micro
36.0,20.90492829,1.336251172,Nano
84.0,31.26640836,8.080731556,Nano
25.0,5.739965646,0.235851848,Macro
58.0,17.93429813,3.457853997,Mega
48.0,16.36000105,3.914305454,Macro
88.0,31.2965668,6.268563747,Nano
32.0,12.97443837,5.112082652,Nano
48.0,7.639383814,0.025406846,Mega
93.0,25.64704705,5.12437604,Micro
22.0,5.120816808,2.205299711,Micro
40.0,7.646082707,2.037287337,Micro
65.0,21.07836064,3.607061612,Mega
89.0,41.55373951,6.947762673,Micro
19.0,8.375280559,2.664241648,Micro
91.0,25.72782083,1.843733021,Micro
28.0,20.1486607,3.254181348,Micro
53.0,14.44984131,1.122940162,Mega
55.0,22.37478299,5.066577857,Mega
82.0,26.53276921,4.872160564,Mega
70.0,23.17539059,4.579829006,Macro
49.0,16.93806801,0.071734979,Macro
19.0,7.726151916,2.074506079,Macro
77.0,27.14371231,5.714889719,Macro
53.0,23.58638711,3.258949178,Mega
68.0,29.3015032,0.673080227,Nano
43.0,16.40090079,5.537219727,Nano
36.0,8.11996156,1.225191317,Macro
50.0,6.744746854,1.282871587,Macro
43.0,18.23019243,4.079293023,Nano
98.0,26.1898417,0.681756659,Mega
97.0,26.74517188,8.197650451,Micro
41.0,7.275071751,3.573620196,Nano
65.0,24.95557114,3.886572721,Micro
17.0,6.151246864,1.483987622,Macro
31.0,9.288699517,4.01258944,Nano
51.0,19.3160696,3.605940065,Macro
19.0,2.50188917,2.17074948,Macro
76.0,21.43025018,3.608351353,Nano
58.0,21.45827878,4.237901938,Macro
33.0,13.46389184,1.837696108,Nano
42.0,25.88765729,3.593714636,Nano
40.0,18.00291183,3.036473483,Mega
45.0,6.951526595,1.566329051,Macro
31.0,9.9541245,3.674953196,Mega
99.0,28.34481642,5.939716823,Mega
75.0,21.56510793,6.507939785,Micro
84.0,22.47695972,2.357758852,Micro
26.0,4.545110873,2.852404636,Macro
94.0,34.15861088,5.82074361,Micro
100.0,42.22523217,8.977117102,Mega
54.0,14.3343517,4.555541139,Mega
82.0,29.49738981,6.111231604,Micro
37.0,10.25291621,0.86532872,Nano
94.0,27.85248821,8.473494927,Nano
42.0,12.97234194,4.980146826,Mega
69.0,23.61530268,5.555739478,Macro
60.0,18.47461371,1.883694635,Mega
40.0,13.81986703,1.308923021,Mega
51.0,24.64687638,6.444050052,Micro
100.0,37.403986,6.441653552,Nano
61.0,20.04207353,1.427891296,Micro
58.0,20.79986713,4.461833955,Nano
68.0,28.1018425,1.426340997,Mega
75.0,23.68041523,3.618129755,Micro
18.0,9.088533067,2.109127791,Micro
24.0,14.37081327,0.126918813,Micro
68.0,26.11363167,2.738414665,Mega
38.0,10.62808317,4.223887377,Nano
88.0,26.00963987,1.495600762,Nano
48.0,16.91928999,1.063630886,Macro
71.0,21.49219873,5.969253678,Nano
17.0,9.735393504,4.97714354,Mega
36.0,15.3930559,3.601161957,Nano
17.0,9.150564563,4.636304292,Macro
35.0,16.6133403,2.9376344,Nano
38.0,9.060266838,0.887353031,Macro
66.0,29.203523,7.078862302,Micro
